subject,status,detail
202511171004,ok,rows=72
202511171621,ok,rows=72
202511181005,ok,rows=72
202511181030,ok,rows=72
202511181442,ok,rows=72
202511181445,ok,rows=72
202511181455,ok,rows=72
202511181644,ok,rows=72
202511181645,ok,rows=72
202511190941,ok,rows=72
202511191004,ok,rows=72
202511191420,ok,rows=72
202511191423,ok,rows=72
202511191614,ok,rows=72
202511191626,ok,rows=72
202511200929,ok,rows=72
202511201004,ok,rows=72
202511201020,ok,rows=72
202511201417,ok,rows=72
202511201419,ok,rows=72
202511201440,ok,rows=72
202511201634,ok,rows=72
202511201635,ok,rows=72
202511201640,ok,rows=72
202511210958,ok,rows=72
202511211007,ok,rows=72
202511211421,ok,rows=72
202511211426,ok,rows=72
202511211457,ok,rows=72
202511211610,ok,rows=72
202511211621,ok,rows=72
202511241029,ok,rows=72
202511241622,ok,rows=72
202511241649,ok,rows=72
202511250951,ok,rows=72
202511250957,ok,rows=72
202511251431,ok,rows=72
202511251439,ok,rows=72
202511251628,ok,rows=72
202511251659,ok,rows=72
202511260959,ok,rows=72
202511261442,ok,rows=72
202511261447,ok,rows=72
202511261624,ok,rows=72
202511261626,ok,rows=72
202511261627,ok,rows=72
202511271030,ok,rows=72
202511271033,ok,rows=72
202511271431,ok,rows=72
202511271434,ok,rows=72
202511271621,ok,rows=72
202511271638,ok,rows=72
202511281023,ok,rows=72
202511281031,ok,rows=72
202511281419,ok,rows=72
202511281437,ok,rows=72
202511281438,ok,rows=72
202511281621,ok,rows=72
202511281630,ok,rows=72
202511281636,ok,rows=72
202512011416,ok,rows=72
202512011436,ok,rows=72
202512011444,ok,rows=72
202512011612,ok,rows=72
202512011629,ok,rows=72
202512021035,ok,rows=72
202512021459,ok,rows=72
202512021644,ok,rows=72
202512021645,ok,rows=72
202512030944,ok,rows=72
202512031019,ok,rows=72
202512031140,ok,rows=72
202512031412,ok,rows=72
202512031441,ok,rows=72
202512031606,ok,rows=72
202512040951,ok,rows=72
202512041403,ok,rows=72
202512041433,ok,rows=72
202512041608,ok,rows=72
202512041624,ok,rows=72
202512041627,ok,rows=72
202512051006,ok,rows=72
202512051012,ok,rows=72
202512051458,ok,rows=72
202512051625,ok,rows=72
202512081052,ok,rows=72
202512081420,ok,rows=72
202512081422,ok,rows=72
202512081618,ok,rows=72
202512081629,ok,rows=72
202512081637,ok,rows=72
202512090949,ok,rows=72
202512091002,ok,rows=72
202512091017,ok,rows=72
202512091426,ok,rows=72
202512091427,ok,rows=72
202512091436,ok,rows=72
202512091615,ok,rows=72
202512091621,ok,rows=72
202512091629,ok,rows=72
202512100952,ok,rows=72
202512101006,ok,rows=72
202512101010,ok,rows=72
202512101424,ok,rows=72
202512101439,ok,rows=72
202512101615,ok,rows=72
202512101623,ok,rows=72
202512101635,ok,rows=72
202512111013,ok,rows=72
202512111440,ok,rows=72
202512111443,ok,rows=72
202512111615,ok,rows=72
202512111620,ok,rows=72
202512120956,ok,rows=72
202512121004,ok,rows=72
202512121440,ok,rows=72
202512121611,ok,rows=72
202512121624,ok,rows=72
202512151424,ok,rows=72
202512151429,ok,rows=72
202512151449,ok,rows=72
202512151627,ok,rows=72
202512160951,ok,rows=72
202512161010,ok,rows=72
202512161427,ok,rows=72
202512161429,ok,rows=72
202512161433,ok,rows=72
202512161604,ok,rows=72
202512161620,ok,rows=72
202512171000,ok,rows=72
202512171004,ok,rows=72
202512171013,ok,rows=72
202512171417,ok,rows=72
202512171421,ok,rows=72
202512171423,ok,rows=72
202512171627,ok,rows=72
202512171628,ok,rows=72
202512180956,ok,rows=72
202512180957,ok,rows=72
202512181416,ok,rows=72
202512181429,ok,rows=72
202512181505,ok,rows=72
202512181622,ok,rows=72
202512191005,ok,rows=72
202512191420,ok,rows=72
202512191437,ok,rows=72
202512191555,ok,rows=72
202512221005,ok,rows=72
202512221010,ok,rows=72
202512221011,ok,rows=72
202512221421,ok,rows=72
202512221602,ok,rows=72
202512221616,ok,rows=72
202512221617,ok,rows=72
202512221633,ok,rows=72
202512230948,ok,rows=72
202512231002,ok,rows=72
202512231014,ok,rows=72
202512231432,ok,rows=72
202512231610,ok,rows=72
202512231626,ok,rows=72
202512241001,ok,rows=72
202512241020,ok,rows=72
202512241031,ok,rows=72
202512241428,ok,rows=72
202512241429,ok,rows=72
202512241442,ok,rows=72
202512241627,ok,rows=72
202512241647,ok,rows=72
202512250951,ok,rows=72
202512250959,ok,rows=72
202512251423,ok,rows=72
202512251432,ok,rows=72
202512251615,ok,rows=72
202512251624,ok,rows=72
202512260959,ok,rows=72
202512261002,ok,rows=72
202512261030,ok,rows=72
202512261422,ok,rows=72
202512261436,ok,rows=72
202512261555,ok,rows=72
202512261625,ok,rows=72
202512291041,ok,rows=72
202512291431,ok,rows=72
202512291432,ok,rows=72
202512291441,ok,rows=72
202512291612,ok,rows=72
202512300954,ok,rows=72
202512301037,ok,rows=72
202512301413,ok,rows=72
202512301420,ok,rows=72
202512301559,ok,rows=72
202512301619,ok,rows=72
202512301621,ok,rows=72
202512311507,ok,rows=72
202512311540,ok,rows=72
202601051520,ok,rows=72
202601051522,ok,rows=72
202601051654,ok,rows=72
202601060953,ok,rows=72
202601061013,ok,rows=72
202601061500,ok,rows=72
202601061608,ok,rows=72
202601061632,ok,rows=72
202601071419,ok,rows=72
202601071601,ok,rows=72
202601071604,ok,rows=72
202601071629,ok,rows=72
202601081426,ok,rows=72
202601081439,ok,rows=72
202601081440,ok,rows=72
202601081624,ok,rows=72
202601090957,ok,rows=72
202601090958,ok,rows=72
202601091422,ok,rows=72
202601091449,ok,rows=72
202601091509,ok,rows=72
202601091602,ok,rows=72
202601091605,ok,rows=72
202601121453,ok,rows=72
202601131016,ok,rows=72
202601131558,ok,rows=72
202601141624,ok,rows=72
202601151419,ok,rows=72
202601151516,ok,rows=72
202601160948,ok,rows=72
202601160958,ok,rows=72
202601161413,ok,rows=72
202601161421,ok,rows=72
202601161555,ok,rows=72
202601161607,ok,rows=72
202601201533,ok,rows=72
202601201601,ok,rows=72
202601211631,ok,rows=72
202601221031,ok,rows=72
202601221622,ok,rows=72
202601231437,ok,rows=72
202601231616,ok,rows=72
202601231630,ok,rows=72
202601231631,ok,rows=72
202601271536,ok,rows=72
202601291546,ok,rows=72
202601291609,ok,rows=72
202601311414,ok,rows=72
202601311415,ok,rows=72
202601311526,ok,rows=72
202602041413,ok,rows=72
202603131141,ok,rows=72
202603161028,ok,rows=72
202603301430,ok,rows=72
202604171122,ok,rows=72
202604171456,ok,rows=72
202604181434,ok,rows=72
202604201535,ok,rows=72
202604211006,ok,rows=72
202604211430,ok,rows=72
202604231424,ok,rows=72
202604241058,ok,rows=72
202604241424,ok,rows=72
202604241517,ok,rows=72
202604251424,ok,rows=72
202604251447,ok,rows=72
202604291121,ok,rows=72
202604291412,ok,rows=72
202604301109,ok,rows=72
202604301417,ok,rows=72
202605081618,ok,rows=72
202605091021,ok,rows=72
202605091507,ok,rows=72
202605091613,ok,rows=72
202605091617,ok,rows=72
202605111426,ok,rows=72
202605111540,ok,rows=72
202605111553,ok,rows=72
202605120953,ok,rows=72
202605121423,ok,rows=72
202605121442,ok,rows=72
202605131007,ok,rows=72
202605131018,ok,rows=72
202605131426,ok,rows=72
202605131703,ok,rows=72
202605141023,ok,rows=72
202605141420,ok,rows=72
202605151433,ok,rows=72
202605161415,ok,rows=72
202605161422,ok,rows=72
202605181455,ok,rows=72
202605191433,ok,rows=72
202605191954,ok,rows=72
202605200915,ok,rows=72
202605201004,ok,rows=72
202605201452,ok,rows=72
202605201637,ok,rows=72
202605211013,ok,rows=72
202605211443,ok,rows=72
202605212015,ok,rows=72
202605221039,ok,rows=72
202605221450,ok,rows=72
202605221530,ok,rows=72
202605221536,ok,rows=72
202605221545,ok,rows=72
202605231431,ok,rows=72
202605231554,ok,rows=72
202605231635,ok,rows=72
202605251447,ok,rows=72
202605251607,ok,rows=72
202605260957,ok,rows=72
202605261045,ok,rows=72
202605261430,ok,rows=72
202605261437,ok,rows=72
202605261606,ok,rows=72
202605261631,ok,rows=72
202605261634,ok,rows=72
202605261957,ok,rows=72
202605261958,ok,rows=72
202605271051,ok,rows=72
202605271423,ok,rows=72
202605271445,ok,rows=72
202605271505,ok,rows=72
202605271539,ok,rows=72
202605271553,ok,rows=72
202605281004,ok,rows=72
202605281034,ok,rows=72
202605281055,ok,rows=72
202605281637,ok,rows=72
202605281645,ok,rows=72
202605281945,ok,rows=72
202605281954,ok,rows=72
202605291006,ok,rows=72
202605291528,ok,rows=72
202605291659,ok,rows=72
202605301430,ok,rows=72
202605301437,ok,rows=72
202606011412,ok,rows=72
202606011955,ok,rows=72
202606011956,ok,rows=72
202606021003,ok,rows=72
202606021009,ok,rows=72
202606041515,ok,rows=72
202606051026,ok,rows=72
202606051627,ok,rows=72
202606051733,ok,rows=72
202606061425,ok,rows=72
202606061640,ok,rows=72
202606081618,ok,rows=72
202606091031,ok,rows=72
202606091034,ok,rows=72
202606091426,ok,rows=72
202606101015,ok,rows=72
202606101415,ok,rows=72
202606101420,ok,rows=72
202606101632,ok,rows=72
202606111014,ok,rows=72
202606121012,ok,rows=72
202606121419,ok,rows=72
202606121603,ok,rows=72
202606131455,ok,rows=72
202606151502,ok,rows=72
202606151633,ok,rows=72
202606151954,ok,rows=72
202606160949,ok,rows=72
202606161430,ok,rows=72
202606161543,ok,rows=72
202606162041,ok,rows=72
202606171429,ok,rows=72
202606171620,ok,rows=72
202606181002,ok,rows=72
202606181422,ok,rows=72
202606221624,ok,rows=72
202606231419,ok,rows=72
202606241428,ok,rows=72
202606241623,ok,rows=72
202606250958,ok,rows=72
202606251423,ok,rows=72
202606251616,ok,rows=72
202606260938,ok,rows=72
202606261540,ok,rows=72
202606271424,ok,rows=72
202606291435,ok,rows=72
202606291609,ok,rows=72
202606301005,ok,rows=72
202606301410,ok,rows=72
202606301635,ok,rows=72
202607011009,ok,rows=72
202607011417,ok,rows=72
202607011950,ok,rows=72
202607021616,ok,rows=72
202607031029,ok,rows=72
202607031621,ok,rows=72
202607061414,ok,rows=72
202607061659,ok,rows=72
202607061949,ok,rows=72
202607071009,ok,rows=72
