subject,condition,n_rows,n_valid,n_correct,n_error,n_confidence,n_conf_correct,n_conf_error,condition_behavior_pass,condition_auc_pass,behavior_included,auc_included,conditions
202511171004,gravity,36,35,18,17,35,18,17,True,True,True,True,2
202511171004,zero_gravity,36,36,19,17,36,19,17,True,True,True,True,2
202511171621,gravity,36,36,32,4,36,32,4,True,True,True,True,2
202511171621,zero_gravity,36,36,31,5,36,31,5,True,True,True,True,2
202511181005,gravity,36,35,31,4,35,31,4,True,True,True,True,2
202511181005,zero_gravity,36,36,23,13,36,23,13,True,True,True,True,2
202511181030,gravity,36,34,22,12,34,22,12,True,True,True,True,2
202511181030,zero_gravity,36,35,23,12,35,23,12,True,True,True,True,2
202511181442,gravity,36,36,33,3,36,33,3,True,True,True,True,2
202511181442,zero_gravity,36,36,30,6,34,28,6,True,True,True,True,2
202511181445,gravity,36,34,24,10,34,24,10,True,True,True,True,2
202511181445,zero_gravity,36,35,28,7,35,28,7,True,True,True,True,2
202511181455,gravity,36,35,24,11,35,24,11,True,True,True,True,2
202511181455,zero_gravity,36,36,16,20,36,16,20,True,True,True,True,2
202511181644,gravity,36,35,22,13,35,22,13,True,True,True,True,2
202511181644,zero_gravity,36,36,20,16,36,20,16,True,True,True,True,2
202511181645,gravity,36,34,17,17,34,17,17,True,True,True,True,2
202511181645,zero_gravity,36,35,22,13,34,21,13,True,True,True,True,2
202511190941,gravity,36,34,30,4,34,30,4,True,True,True,True,2
202511190941,zero_gravity,36,36,30,6,36,30,6,True,True,True,True,2
202511191004,gravity,36,34,31,3,34,31,3,True,True,True,True,2
202511191004,zero_gravity,36,36,32,4,36,32,4,True,True,True,True,2
202511191420,gravity,36,35,34,1,35,34,1,False,False,False,False,2
202511191420,zero_gravity,36,36,33,3,36,33,3,True,True,False,False,2
202511191423,gravity,36,35,34,1,35,34,1,False,False,False,False,2
202511191423,zero_gravity,36,36,20,16,36,20,16,True,True,False,False,2
202511191614,gravity,36,33,26,7,33,26,7,True,True,True,True,2
202511191614,zero_gravity,36,34,23,11,34,23,11,True,True,True,True,2
202511191626,gravity,36,36,31,5,35,30,5,True,True,True,True,2
202511191626,zero_gravity,36,35,28,7,35,28,7,True,True,True,True,2
202511200929,gravity,36,36,34,2,36,34,2,False,False,False,False,2
202511200929,zero_gravity,36,36,22,14,36,22,14,True,True,False,False,2
202511201004,gravity,36,36,9,27,36,9,27,True,True,True,True,2
202511201004,zero_gravity,36,35,26,9,33,24,9,True,True,True,True,2
202511201020,gravity,36,36,28,8,36,28,8,True,True,True,True,2
202511201020,zero_gravity,36,36,27,9,36,27,9,True,True,True,True,2
202511201417,gravity,36,36,22,14,36,22,14,True,True,True,True,2
202511201417,zero_gravity,36,36,24,12,36,24,12,True,True,True,True,2
202511201419,gravity,36,34,27,7,34,27,7,True,True,True,True,2
202511201419,zero_gravity,36,36,20,16,36,20,16,True,True,True,True,2
202511201440,gravity,36,33,26,7,33,26,7,True,True,True,True,2
202511201440,zero_gravity,36,36,24,12,36,24,12,True,True,True,True,2
202511201634,gravity,36,32,15,17,31,14,17,True,True,True,True,2
202511201634,zero_gravity,36,34,13,21,33,13,20,True,True,True,True,2
202511201635,gravity,36,36,33,3,36,33,3,True,True,True,True,2
202511201635,zero_gravity,36,35,27,8,35,27,8,True,True,True,True,2
202511201640,gravity,36,35,21,14,35,21,14,True,True,True,True,2
202511201640,zero_gravity,36,36,22,14,36,22,14,True,True,True,True,2
202511210958,gravity,36,34,27,7,29,24,5,True,True,True,True,2
202511210958,zero_gravity,36,36,28,8,32,25,7,True,True,True,True,2
202511211007,gravity,36,35,20,15,35,20,15,True,True,True,True,2
202511211007,zero_gravity,36,35,16,19,35,16,19,True,True,True,True,2
202511211421,gravity,36,35,20,15,34,20,14,True,True,True,True,2
202511211421,zero_gravity,36,36,22,14,36,22,14,True,True,True,True,2
202511211426,gravity,36,34,17,17,32,15,17,True,True,True,True,2
202511211426,zero_gravity,36,33,18,15,31,18,13,True,True,True,True,2
202511211457,gravity,36,34,33,1,34,33,1,False,False,False,False,2
202511211457,zero_gravity,36,36,32,4,36,32,4,True,True,False,False,2
202511211610,gravity,36,36,24,12,36,24,12,True,True,True,True,2
202511211610,zero_gravity,36,36,28,8,36,28,8,True,True,True,True,2
202511211621,gravity,36,35,30,5,35,30,5,True,True,True,True,2
202511211621,zero_gravity,36,35,24,11,35,24,11,True,True,True,True,2
202511241029,gravity,36,32,19,13,32,19,13,True,True,True,True,2
202511241029,zero_gravity,36,35,21,14,35,21,14,True,True,True,True,2
202511241622,gravity,36,35,21,14,35,21,14,True,True,True,True,2
202511241622,zero_gravity,36,36,28,8,36,28,8,True,True,True,True,2
202511241649,gravity,36,35,17,18,35,17,18,True,True,True,True,2
202511241649,zero_gravity,36,36,23,13,36,23,13,True,True,True,True,2
202511250951,gravity,36,36,32,4,36,32,4,True,True,True,True,2
202511250951,zero_gravity,36,35,28,7,35,28,7,True,True,True,True,2
202511250957,gravity,36,36,32,4,35,31,4,True,True,True,True,2
202511250957,zero_gravity,36,36,25,11,36,25,11,True,True,True,True,2
202511251431,gravity,36,31,27,4,30,27,3,True,True,True,True,2
202511251431,zero_gravity,36,33,18,15,32,17,15,True,True,True,True,2
202511251439,gravity,36,36,22,14,36,22,14,True,True,True,True,2
202511251439,zero_gravity,36,36,19,17,36,19,17,True,True,True,True,2
202511251628,gravity,36,17,15,2,17,15,2,False,False,False,False,2
202511251628,zero_gravity,36,30,22,8,29,21,8,True,True,False,False,2
202511251659,gravity,36,34,20,14,34,20,14,True,True,True,True,2
202511251659,zero_gravity,36,36,20,16,36,20,16,True,True,True,True,2
202511260959,gravity,36,35,14,21,34,14,20,True,True,True,True,2
202511260959,zero_gravity,36,36,13,23,36,13,23,True,True,True,True,2
202511261442,gravity,36,36,24,12,35,24,11,True,True,True,True,2
202511261442,zero_gravity,36,36,18,18,36,18,18,True,True,True,True,2
202511261447,gravity,36,34,21,13,34,21,13,True,True,True,True,2
202511261447,zero_gravity,36,35,25,10,35,25,10,True,True,True,True,2
202511261624,gravity,36,36,24,12,36,24,12,True,True,True,True,2
202511261624,zero_gravity,36,36,16,20,36,16,20,True,True,True,True,2
202511261626,gravity,36,36,31,5,36,31,5,True,True,True,True,2
202511261626,zero_gravity,36,36,32,4,36,32,4,True,True,True,True,2
202511261627,gravity,36,36,26,10,36,26,10,True,True,True,True,2
202511261627,zero_gravity,36,36,13,23,36,13,23,True,True,True,True,2
202511271030,gravity,36,36,20,16,36,20,16,True,True,True,True,2
202511271030,zero_gravity,36,35,26,9,35,26,9,True,True,True,True,2
202511271033,gravity,36,35,18,17,35,18,17,True,True,True,True,2
202511271033,zero_gravity,36,34,17,17,34,17,17,True,True,True,True,2
202511271431,gravity,36,35,15,20,35,15,20,True,True,True,True,2
202511271431,zero_gravity,36,36,21,15,36,21,15,True,True,True,True,2
202511271434,gravity,36,36,26,10,36,26,10,True,True,True,True,2
202511271434,zero_gravity,36,36,25,11,36,25,11,True,True,True,True,2
202511271621,gravity,36,35,35,0,35,35,0,False,False,False,False,2
202511271621,zero_gravity,36,36,32,4,36,32,4,True,True,False,False,2
202511271638,gravity,36,36,26,10,35,25,10,True,True,True,True,2
202511271638,zero_gravity,36,36,24,12,36,24,12,True,True,True,True,2
202511281023,gravity,36,36,18,18,35,17,18,True,True,True,True,2
202511281023,zero_gravity,36,36,15,21,36,15,21,True,True,True,True,2
202511281031,gravity,36,35,17,18,34,16,18,True,True,True,True,2
202511281031,zero_gravity,36,34,20,14,34,20,14,True,True,True,True,2
202511281419,gravity,36,36,22,14,36,22,14,True,True,True,True,2
202511281419,zero_gravity,36,36,22,14,36,22,14,True,True,True,True,2
202511281437,gravity,36,36,32,4,36,32,4,True,True,True,True,2
202511281437,zero_gravity,36,35,13,22,35,13,22,True,True,True,True,2
202511281438,gravity,36,35,24,11,35,24,11,True,True,True,True,2
202511281438,zero_gravity,36,36,21,15,35,20,15,True,True,True,True,2
202511281621,gravity,36,34,27,7,34,27,7,True,True,True,True,2
202511281621,zero_gravity,36,36,30,6,36,30,6,True,True,True,True,2
202511281630,gravity,36,34,31,3,34,31,3,True,True,True,True,2
202511281630,zero_gravity,36,36,22,14,36,22,14,True,True,True,True,2
202511281636,gravity,36,36,22,14,36,22,14,True,True,True,True,2
202511281636,zero_gravity,36,35,19,16,35,19,16,True,True,True,True,2
202512011416,gravity,36,36,34,2,36,34,2,False,False,False,False,2
202512011416,zero_gravity,36,36,28,8,35,27,8,True,True,False,False,2
202512011436,gravity,36,36,19,17,36,19,17,True,True,True,True,2
202512011436,zero_gravity,36,36,27,9,35,26,9,True,True,True,True,2
202512011444,gravity,36,35,20,15,35,20,15,True,True,True,True,2
202512011444,zero_gravity,36,35,21,14,34,20,14,True,True,True,True,2
202512011612,gravity,36,35,35,0,35,35,0,False,False,False,False,2
202512011612,zero_gravity,36,34,18,16,34,18,16,True,True,False,False,2
202512011629,gravity,36,35,20,15,35,20,15,True,True,True,True,2
202512011629,zero_gravity,36,36,22,14,36,22,14,True,True,True,True,2
202512021035,gravity,36,35,32,3,35,32,3,True,True,True,True,2
202512021035,zero_gravity,36,36,30,6,36,30,6,True,True,True,True,2
202512021459,gravity,36,35,27,8,35,27,8,True,True,True,True,2
202512021459,zero_gravity,36,36,28,8,36,28,8,True,True,True,True,2
202512021644,gravity,36,25,17,8,25,17,8,True,True,True,True,2
202512021644,zero_gravity,36,36,19,17,36,19,17,True,True,True,True,2
202512021645,gravity,36,35,28,7,35,28,7,True,True,True,True,2
202512021645,zero_gravity,36,36,22,14,36,22,14,True,True,True,True,2
202512030944,gravity,36,36,16,20,36,16,20,True,True,True,True,2
202512030944,zero_gravity,36,36,20,16,36,20,16,True,True,True,True,2
202512031019,gravity,36,36,16,20,36,16,20,True,True,True,True,2
202512031019,zero_gravity,36,36,22,14,36,22,14,True,True,True,True,2
202512031140,gravity,36,36,20,16,36,20,16,True,True,True,True,2
202512031140,zero_gravity,36,36,21,15,36,21,15,True,True,True,True,2
202512031412,gravity,36,36,22,14,36,22,14,True,True,True,True,2
202512031412,zero_gravity,36,36,28,8,36,28,8,True,True,True,True,2
202512031441,gravity,36,35,24,11,35,24,11,True,True,True,True,2
202512031441,zero_gravity,36,36,19,17,36,19,17,True,True,True,True,2
202512031606,gravity,36,34,30,4,33,29,4,True,True,True,True,2
202512031606,zero_gravity,36,34,26,8,34,26,8,True,True,True,True,2
202512040951,gravity,36,36,35,1,36,35,1,False,False,False,False,2
202512040951,zero_gravity,36,35,27,8,35,27,8,True,True,False,False,2
202512041403,gravity,36,36,21,15,36,21,15,True,True,True,True,2
202512041403,zero_gravity,36,35,19,16,35,19,16,True,True,True,True,2
202512041433,gravity,36,35,30,5,35,30,5,True,True,False,False,2
202512041433,zero_gravity,36,36,34,2,36,34,2,False,False,False,False,2
202512041608,gravity,36,36,35,1,36,35,1,False,False,False,False,2
202512041608,zero_gravity,36,36,33,3,36,33,3,True,True,False,False,2
202512041624,gravity,36,35,24,11,35,24,11,True,True,True,True,2
202512041624,zero_gravity,36,36,25,11,36,25,11,True,True,True,True,2
202512041627,gravity,36,35,21,14,35,21,14,True,True,True,True,2
202512041627,zero_gravity,36,35,16,19,35,16,19,True,True,True,True,2
202512051006,gravity,36,33,24,9,33,24,9,True,True,True,True,2
202512051006,zero_gravity,36,35,23,12,35,23,12,True,True,True,True,2
202512051012,gravity,36,35,26,9,35,26,9,True,True,True,True,2
202512051012,zero_gravity,36,36,27,9,36,27,9,True,True,True,True,2
202512051458,gravity,36,36,28,8,36,28,8,True,True,True,True,2
202512051458,zero_gravity,36,36,19,17,36,19,17,True,True,True,True,2
202512051625,gravity,36,35,24,11,35,24,11,True,True,True,True,2
202512051625,zero_gravity,36,36,24,12,36,24,12,True,True,True,True,2
202512081052,gravity,36,36,15,21,36,15,21,True,True,True,True,2
202512081052,zero_gravity,36,33,21,12,33,21,12,True,True,True,True,2
202512081420,gravity,36,34,22,12,34,22,12,True,True,True,True,2
202512081420,zero_gravity,36,36,22,14,36,22,14,True,True,True,True,2
202512081422,gravity,36,34,29,5,34,29,5,True,True,True,True,2
202512081422,zero_gravity,36,34,29,5,34,29,5,True,True,True,True,2
202512081618,gravity,36,35,29,6,34,29,5,True,True,True,True,2
202512081618,zero_gravity,36,36,29,7,36,29,7,True,True,True,True,2
202512081629,gravity,36,35,23,12,35,23,12,True,True,True,True,2
202512081629,zero_gravity,36,35,17,18,35,17,18,True,True,True,True,2
202512081637,gravity,36,36,21,15,36,21,15,True,True,True,True,2
202512081637,zero_gravity,36,36,17,19,36,17,19,True,True,True,True,2
202512090949,gravity,36,35,28,7,35,28,7,True,True,True,True,2
202512090949,zero_gravity,36,35,29,6,35,29,6,True,True,True,True,2
202512091002,gravity,36,34,18,16,34,18,16,True,True,True,True,2
202512091002,zero_gravity,36,36,20,16,36,20,16,True,True,True,True,2
202512091017,gravity,36,36,26,10,36,26,10,True,True,True,True,2
202512091017,zero_gravity,36,36,31,5,36,31,5,True,True,True,True,2
202512091426,gravity,36,34,22,12,32,21,11,True,True,True,True,2
202512091426,zero_gravity,36,35,21,14,34,20,14,True,True,True,True,2
202512091427,gravity,36,34,31,3,34,31,3,True,True,True,True,2
202512091427,zero_gravity,36,36,22,14,36,22,14,True,True,True,True,2
202512091436,gravity,36,35,33,2,34,32,2,False,False,False,False,2
202512091436,zero_gravity,36,34,28,6,34,28,6,True,True,False,False,2
202512091615,gravity,36,34,30,4,34,30,4,True,True,True,True,2
202512091615,zero_gravity,36,34,28,6,34,28,6,True,True,True,True,2
202512091621,gravity,36,36,30,6,36,30,6,True,True,True,True,2
202512091621,zero_gravity,36,36,23,13,36,23,13,True,True,True,True,2
202512091629,gravity,36,35,30,5,35,30,5,True,True,True,True,2
202512091629,zero_gravity,36,35,26,9,34,25,9,True,True,True,True,2
202512100952,gravity,36,35,27,8,35,27,8,True,True,True,True,2
202512100952,zero_gravity,36,35,27,8,35,27,8,True,True,True,True,2
202512101006,gravity,36,35,21,14,35,21,14,True,True,True,True,2
202512101006,zero_gravity,36,36,21,15,36,21,15,True,True,True,True,2
202512101010,gravity,36,36,31,5,36,31,5,True,True,True,True,2
202512101010,zero_gravity,36,34,21,13,33,20,13,True,True,True,True,2
202512101424,gravity,36,31,20,11,31,20,11,True,True,True,True,2
202512101424,zero_gravity,36,34,28,6,34,28,6,True,True,True,True,2
202512101439,gravity,36,36,32,4,36,32,4,True,True,True,True,2
202512101439,zero_gravity,36,35,28,7,35,28,7,True,True,True,True,2
202512101615,gravity,36,36,31,5,35,30,5,True,True,True,True,2
202512101615,zero_gravity,36,36,30,6,36,30,6,True,True,True,True,2
202512101623,gravity,36,34,30,4,34,30,4,True,True,False,False,2
202512101623,zero_gravity,36,33,31,2,33,31,2,False,False,False,False,2
202512101635,gravity,36,36,32,4,36,32,4,True,True,True,True,2
202512101635,zero_gravity,36,36,26,10,36,26,10,True,True,True,True,2
202512111013,gravity,36,36,33,3,36,33,3,True,True,True,True,2
202512111013,zero_gravity,36,36,29,7,36,29,7,True,True,True,True,2
202512111440,gravity,36,35,23,12,35,23,12,True,True,True,True,2
202512111440,zero_gravity,36,34,22,12,34,22,12,True,True,True,True,2
202512111443,gravity,36,35,32,3,35,32,3,True,True,True,True,2
202512111443,zero_gravity,36,35,25,10,35,25,10,True,True,True,True,2
202512111615,gravity,36,31,24,7,30,24,6,True,True,True,True,2
202512111615,zero_gravity,36,34,18,16,32,18,14,True,True,True,True,2
202512111620,gravity,36,36,19,17,36,19,17,True,True,True,True,2
202512111620,zero_gravity,36,36,21,15,35,20,15,True,True,True,True,2
202512120956,gravity,36,36,35,1,36,35,1,False,False,False,False,2
202512120956,zero_gravity,36,36,23,13,36,23,13,True,True,False,False,2
202512121004,gravity,36,35,32,3,35,32,3,True,True,True,True,2
202512121004,zero_gravity,36,36,23,13,36,23,13,True,True,True,True,2
202512121440,gravity,36,33,22,11,33,22,11,True,True,True,True,2
202512121440,zero_gravity,36,35,17,18,35,17,18,True,True,True,True,2
202512121611,gravity,36,35,34,1,35,34,1,False,False,False,False,2
202512121611,zero_gravity,36,36,31,5,36,31,5,True,True,False,False,2
202512121624,gravity,36,34,13,21,34,13,21,True,True,True,True,2
202512121624,zero_gravity,36,36,19,17,35,19,16,True,True,True,True,2
202512151424,gravity,36,36,29,7,36,29,7,True,True,True,True,2
202512151424,zero_gravity,36,34,24,10,32,22,10,True,True,True,True,2
202512151429,gravity,36,36,33,3,36,33,3,True,True,True,True,2
202512151429,zero_gravity,36,34,24,10,34,24,10,True,True,True,True,2
202512151449,gravity,36,34,26,8,33,26,7,True,True,True,True,2
202512151449,zero_gravity,36,35,27,8,35,27,8,True,True,True,True,2
202512151627,gravity,36,36,33,3,34,31,3,True,True,True,True,2
202512151627,zero_gravity,36,36,26,10,36,26,10,True,True,True,True,2
202512160951,gravity,36,36,19,17,36,19,17,True,True,True,True,2
202512160951,zero_gravity,36,35,27,8,35,27,8,True,True,True,True,2
202512161010,gravity,36,36,35,1,36,35,1,False,False,False,False,2
202512161010,zero_gravity,36,34,16,18,34,16,18,True,True,False,False,2
202512161427,gravity,36,35,30,5,35,30,5,True,True,True,True,2
202512161427,zero_gravity,36,36,30,6,36,30,6,True,True,True,True,2
202512161429,gravity,36,35,13,22,35,13,22,True,True,True,True,2
202512161429,zero_gravity,36,36,16,20,36,16,20,True,True,True,True,2
202512161433,gravity,36,36,17,19,36,17,19,True,True,True,True,2
202512161433,zero_gravity,36,34,14,20,34,14,20,True,True,True,True,2
202512161604,gravity,36,35,34,1,35,34,1,False,False,False,False,2
202512161604,zero_gravity,36,36,30,6,36,30,6,True,True,False,False,2
202512161620,gravity,36,35,21,14,35,21,14,True,True,True,True,2
202512161620,zero_gravity,36,36,24,12,36,24,12,True,True,True,True,2
202512171000,gravity,36,36,30,6,36,30,6,True,True,True,True,2
202512171000,zero_gravity,36,36,27,9,36,27,9,True,True,True,True,2
202512171004,gravity,36,36,30,6,36,30,6,True,True,True,True,2
202512171004,zero_gravity,36,35,27,8,35,27,8,True,True,True,True,2
202512171013,gravity,36,35,31,4,35,31,4,True,True,True,True,2
202512171013,zero_gravity,36,36,31,5,36,31,5,True,True,True,True,2
202512171417,gravity,36,36,28,8,36,28,8,True,True,True,True,2
202512171417,zero_gravity,36,35,24,11,35,24,11,True,True,True,True,2
202512171421,gravity,36,36,13,23,36,13,23,True,True,True,True,2
202512171421,zero_gravity,36,36,17,19,36,17,19,True,True,True,True,2
202512171423,gravity,36,36,34,2,35,34,1,False,False,False,False,2
202512171423,zero_gravity,36,31,28,3,31,28,3,True,True,False,False,2
202512171627,gravity,36,36,21,15,36,21,15,True,True,True,True,2
202512171627,zero_gravity,36,35,15,20,35,15,20,True,True,True,True,2
202512171628,gravity,36,34,32,2,34,32,2,False,False,False,False,2
202512171628,zero_gravity,36,34,26,8,34,26,8,True,True,False,False,2
202512180956,gravity,36,34,32,2,34,32,2,False,False,False,False,2
202512180956,zero_gravity,36,35,31,4,35,31,4,True,True,False,False,2
202512180957,gravity,36,36,27,9,34,26,8,True,True,True,True,2
202512180957,zero_gravity,36,33,21,12,33,21,12,True,True,True,True,2
202512181416,gravity,36,36,27,9,36,27,9,True,True,True,True,2
202512181416,zero_gravity,36,36,29,7,36,29,7,True,True,True,True,2
202512181429,gravity,36,33,26,7,33,26,7,True,True,True,True,2
202512181429,zero_gravity,36,36,22,14,35,22,13,True,True,True,True,2
202512181505,gravity,36,36,18,18,36,18,18,True,True,True,True,2
202512181505,zero_gravity,36,36,18,18,36,18,18,True,True,True,True,2
202512181622,gravity,36,2,2,0,1,1,0,False,False,False,False,2
202512181622,zero_gravity,36,0,0,0,0,0,0,False,False,False,False,2
202512191005,gravity,36,36,31,5,36,31,5,True,True,True,True,2
202512191005,zero_gravity,36,36,32,4,36,32,4,True,True,True,True,2
202512191420,gravity,36,35,31,4,35,31,4,True,True,True,True,2
202512191420,zero_gravity,36,36,30,6,35,30,5,True,True,True,True,2
202512191437,gravity,36,35,31,4,34,30,4,True,True,True,True,2
202512191437,zero_gravity,36,36,30,6,36,30,6,True,True,True,True,2
202512191555,gravity,36,36,28,8,34,27,7,True,True,True,True,2
202512191555,zero_gravity,36,35,27,8,35,27,8,True,True,True,True,2
202512221005,gravity,36,35,27,8,35,27,8,True,True,True,True,2
202512221005,zero_gravity,36,36,29,7,36,29,7,True,True,True,True,2
202512221010,gravity,36,34,18,16,34,18,16,True,True,True,True,2
202512221010,zero_gravity,36,33,15,18,33,15,18,True,True,True,True,2
202512221011,gravity,36,34,25,9,34,25,9,True,True,True,True,2
202512221011,zero_gravity,36,35,27,8,34,26,8,True,True,True,True,2
202512221421,gravity,36,34,23,11,33,22,11,True,True,True,True,2
202512221421,zero_gravity,36,35,25,10,35,25,10,True,True,True,True,2
202512221602,gravity,36,35,33,2,35,33,2,False,False,False,False,2
202512221602,zero_gravity,36,36,22,14,36,22,14,True,True,False,False,2
202512221616,gravity,36,35,34,1,35,34,1,False,False,False,False,2
202512221616,zero_gravity,36,36,32,4,36,32,4,True,True,False,False,2
202512221617,gravity,36,35,27,8,35,27,8,True,True,True,True,2
202512221617,zero_gravity,36,35,21,14,35,21,14,True,True,True,True,2
202512221633,gravity,36,36,32,4,35,31,4,True,True,True,True,2
202512221633,zero_gravity,36,36,29,7,36,29,7,True,True,True,True,2
202512230948,gravity,36,35,31,4,35,31,4,True,True,False,False,2
202512230948,zero_gravity,36,36,35,1,35,34,1,False,False,False,False,2
202512231002,gravity,36,36,33,3,36,33,3,True,True,True,True,2
202512231002,zero_gravity,36,36,30,6,36,30,6,True,True,True,True,2
202512231014,gravity,36,35,30,5,35,30,5,True,True,True,True,2
202512231014,zero_gravity,36,33,28,5,33,28,5,True,True,True,True,2
202512231432,gravity,36,36,34,2,36,34,2,False,False,False,False,2
202512231432,zero_gravity,36,35,20,15,35,20,15,True,True,False,False,2
202512231610,gravity,36,35,22,13,34,22,12,True,True,True,True,2
202512231610,zero_gravity,36,36,21,15,36,21,15,True,True,True,True,2
202512231626,gravity,36,36,19,17,36,19,17,True,True,True,True,2
202512231626,zero_gravity,36,36,14,22,36,14,22,True,True,True,True,2
202512241001,gravity,36,36,19,17,36,19,17,True,True,True,True,2
202512241001,zero_gravity,36,36,17,19,36,17,19,True,True,True,True,2
202512241020,gravity,36,35,23,12,35,23,12,True,True,True,True,2
202512241020,zero_gravity,36,36,23,13,36,23,13,True,True,True,True,2
202512241031,gravity,36,34,17,17,33,17,16,True,True,True,True,2
202512241031,zero_gravity,36,35,21,14,35,21,14,True,True,True,True,2
202512241428,gravity,36,34,30,4,34,30,4,True,True,True,True,2
202512241428,zero_gravity,36,36,28,8,36,28,8,True,True,True,True,2
202512241429,gravity,36,35,34,1,35,34,1,False,False,False,False,2
202512241429,zero_gravity,36,36,30,6,35,29,6,True,True,False,False,2
202512241442,gravity,36,32,24,8,32,24,8,True,True,True,True,2
202512241442,zero_gravity,36,35,22,13,35,22,13,True,True,True,True,2
202512241627,gravity,36,33,25,8,33,25,8,True,True,True,True,2
202512241627,zero_gravity,36,36,20,16,36,20,16,True,True,True,True,2
202512241647,gravity,36,33,16,17,33,16,17,True,True,True,True,2
202512241647,zero_gravity,36,36,17,19,36,17,19,True,True,True,True,2
202512250951,gravity,36,35,21,14,35,21,14,True,True,True,True,2
202512250951,zero_gravity,36,36,22,14,36,22,14,True,True,True,True,2
202512250959,gravity,36,35,25,10,35,25,10,True,True,True,True,2
202512250959,zero_gravity,36,35,15,20,35,15,20,True,True,True,True,2
202512251423,gravity,36,35,35,0,35,35,0,False,False,False,False,2
202512251423,zero_gravity,36,36,28,8,33,26,7,True,True,False,False,2
202512251432,gravity,36,34,28,6,34,28,6,True,True,True,True,2
202512251432,zero_gravity,36,36,28,8,36,28,8,True,True,True,True,2
202512251615,gravity,36,36,23,13,36,23,13,True,True,True,True,2
202512251615,zero_gravity,36,35,16,19,35,16,19,True,True,True,True,2
202512251624,gravity,36,36,17,19,36,17,19,True,True,True,True,2
202512251624,zero_gravity,36,36,18,18,36,18,18,True,True,True,True,2
202512260959,gravity,36,35,23,12,35,23,12,True,True,True,True,2
202512260959,zero_gravity,36,36,18,18,35,18,17,True,True,True,True,2
202512261002,gravity,36,33,29,4,33,29,4,True,True,True,True,2
202512261002,zero_gravity,36,36,30,6,36,30,6,True,True,True,True,2
202512261030,gravity,36,35,26,9,35,26,9,True,True,True,True,2
202512261030,zero_gravity,36,36,27,9,36,27,9,True,True,True,True,2
202512261422,gravity,36,36,31,5,36,31,5,True,True,True,True,2
202512261422,zero_gravity,36,35,26,9,35,26,9,True,True,True,True,2
202512261436,gravity,36,36,27,9,35,26,9,True,True,True,True,2
202512261436,zero_gravity,36,35,21,14,35,21,14,True,True,True,True,2
202512261555,gravity,36,36,21,15,36,21,15,True,True,True,True,2
202512261555,zero_gravity,36,35,19,16,35,19,16,True,True,True,True,2
202512261625,gravity,36,35,18,17,35,18,17,True,True,True,True,2
202512261625,zero_gravity,36,36,20,16,36,20,16,True,True,True,True,2
202512291041,gravity,36,36,18,18,36,18,18,True,True,True,True,2
202512291041,zero_gravity,36,36,23,13,36,23,13,True,True,True,True,2
202512291431,gravity,36,35,26,9,35,26,9,True,True,True,True,2
202512291431,zero_gravity,36,36,27,9,36,27,9,True,True,True,True,2
202512291432,gravity,36,34,30,4,34,30,4,True,True,True,True,2
202512291432,zero_gravity,36,35,31,4,35,31,4,True,True,True,True,2
202512291441,gravity,36,36,23,13,35,22,13,True,True,True,True,2
202512291441,zero_gravity,36,36,20,16,36,20,16,True,True,True,True,2
202512291612,gravity,36,36,24,12,35,23,12,True,True,True,True,2
202512291612,zero_gravity,36,35,17,18,35,17,18,True,True,True,True,2
202512300954,gravity,36,33,13,20,33,13,20,True,True,True,True,2
202512300954,zero_gravity,36,34,18,16,34,18,16,True,True,True,True,2
202512301037,gravity,36,32,15,17,32,15,17,True,True,True,True,2
202512301037,zero_gravity,36,35,22,13,35,22,13,True,True,True,True,2
202512301413,gravity,36,36,17,19,36,17,19,True,True,True,True,2
202512301413,zero_gravity,36,35,21,14,35,21,14,True,True,True,True,2
202512301420,gravity,36,36,25,11,36,25,11,True,True,True,True,2
202512301420,zero_gravity,36,36,29,7,36,29,7,True,True,True,True,2
202512301559,gravity,36,35,17,18,35,17,18,True,True,True,True,2
202512301559,zero_gravity,36,36,18,18,36,18,18,True,True,True,True,2
202512301619,gravity,36,34,22,12,34,22,12,True,True,True,True,2
202512301619,zero_gravity,36,36,26,10,36,26,10,True,True,True,True,2
202512301621,gravity,36,33,30,3,33,30,3,True,True,True,True,2
202512301621,zero_gravity,36,36,33,3,36,33,3,True,True,True,True,2
202512311507,gravity,36,36,33,3,36,33,3,True,True,True,True,2
202512311507,zero_gravity,36,33,27,6,33,27,6,True,True,True,True,2
202512311540,gravity,36,35,24,11,35,24,11,True,True,True,True,2
202512311540,zero_gravity,36,35,22,13,35,22,13,True,True,True,True,2
202601051520,gravity,36,36,22,14,36,22,14,True,True,True,True,2
202601051520,zero_gravity,36,36,25,11,36,25,11,True,True,True,True,2
202601051522,gravity,36,36,15,21,36,15,21,True,True,True,True,2
202601051522,zero_gravity,36,36,22,14,36,22,14,True,True,True,True,2
202601051654,gravity,36,35,34,1,35,34,1,False,False,False,False,2
202601051654,zero_gravity,36,36,33,3,36,33,3,True,True,False,False,2
202601060953,gravity,36,35,24,11,35,24,11,True,True,True,True,2
202601060953,zero_gravity,36,35,21,14,35,21,14,True,True,True,True,2
202601061013,gravity,36,36,30,6,36,30,6,True,True,True,True,2
202601061013,zero_gravity,36,35,25,10,35,25,10,True,True,True,True,2
202601061500,gravity,36,36,17,19,36,17,19,True,True,True,True,2
202601061500,zero_gravity,36,35,18,17,35,18,17,True,True,True,True,2
202601061608,gravity,36,36,18,18,36,18,18,True,True,True,True,2
202601061608,zero_gravity,36,36,21,15,36,21,15,True,True,True,True,2
202601061632,gravity,36,35,32,3,34,31,3,True,True,True,True,2
202601061632,zero_gravity,36,36,30,6,35,30,5,True,True,True,True,2
202601071419,gravity,36,36,30,6,36,30,6,True,True,True,True,2
202601071419,zero_gravity,36,36,27,9,36,27,9,True,True,True,True,2
202601071601,gravity,36,34,15,19,34,15,19,True,True,True,True,2
202601071601,zero_gravity,36,36,17,19,36,17,19,True,True,True,True,2
202601071604,gravity,36,33,16,17,33,16,17,True,True,True,True,2
202601071604,zero_gravity,36,36,19,17,36,19,17,True,True,True,True,2
202601071629,gravity,36,36,32,4,36,32,4,True,True,True,True,2
202601071629,zero_gravity,36,35,19,16,35,19,16,True,True,True,True,2
202601081426,gravity,36,34,17,17,34,17,17,True,True,True,True,2
202601081426,zero_gravity,36,36,17,19,36,17,19,True,True,True,True,2
202601081439,gravity,36,36,30,6,36,30,6,True,True,True,True,2
202601081439,zero_gravity,36,35,22,13,34,21,13,True,True,True,True,2
202601081440,gravity,36,36,19,17,36,19,17,True,True,True,True,2
202601081440,zero_gravity,36,36,25,11,36,25,11,True,True,True,True,2
202601081624,gravity,36,36,30,6,35,30,5,True,True,True,True,2
202601081624,zero_gravity,36,35,23,12,35,23,12,True,True,True,True,2
202601090957,gravity,36,33,18,15,33,18,15,True,True,True,True,2
202601090957,zero_gravity,36,34,17,17,34,17,17,True,True,True,True,2
202601090958,gravity,36,36,22,14,36,22,14,True,True,True,True,2
202601090958,zero_gravity,36,35,19,16,35,19,16,True,True,True,True,2
202601091422,gravity,36,34,24,10,32,22,10,True,True,True,True,2
202601091422,zero_gravity,36,33,20,13,33,20,13,True,True,True,True,2
202601091449,gravity,36,36,25,11,33,22,11,True,True,True,True,2
202601091449,zero_gravity,36,34,21,13,34,21,13,True,True,True,True,2
202601091509,gravity,36,36,32,4,36,32,4,True,True,True,True,2
202601091509,zero_gravity,36,36,20,16,33,17,16,True,True,True,True,2
202601091602,gravity,36,35,30,5,33,29,4,True,True,True,True,2
202601091602,zero_gravity,36,33,21,12,33,21,12,True,True,True,True,2
202601091605,gravity,36,36,33,3,36,33,3,True,True,False,False,2
202601091605,zero_gravity,36,36,35,1,36,35,1,False,False,False,False,2
202601121453,gravity,36,34,22,12,34,22,12,True,True,True,True,2
202601121453,zero_gravity,36,36,15,21,36,15,21,True,True,True,True,2
202601131016,gravity,36,34,16,18,34,16,18,True,True,True,True,2
202601131016,zero_gravity,36,36,20,16,36,20,16,True,True,True,True,2
202601131558,gravity,36,36,26,10,36,26,10,True,True,True,True,2
202601131558,zero_gravity,36,36,29,7,36,29,7,True,True,True,True,2
202601141624,gravity,36,35,29,6,34,28,6,True,True,True,True,2
202601141624,zero_gravity,36,35,24,11,33,22,11,True,True,True,True,2
202601151419,gravity,36,35,26,9,35,26,9,True,True,True,True,2
202601151419,zero_gravity,36,35,29,6,35,29,6,True,True,True,True,2
202601151516,gravity,36,34,25,9,34,25,9,True,True,True,True,2
202601151516,zero_gravity,36,36,21,15,36,21,15,True,True,True,True,2
202601160948,gravity,36,34,22,12,34,22,12,True,True,True,True,2
202601160948,zero_gravity,36,36,18,18,36,18,18,True,True,True,True,2
202601160958,gravity,36,36,22,14,36,22,14,True,True,True,True,2
202601160958,zero_gravity,36,36,17,19,36,17,19,True,True,True,True,2
202601161413,gravity,36,36,28,8,36,28,8,True,True,True,True,2
202601161413,zero_gravity,36,36,24,12,36,24,12,True,True,True,True,2
202601161421,gravity,36,36,35,1,36,35,1,False,False,False,False,2
202601161421,zero_gravity,36,35,16,19,35,16,19,True,True,False,False,2
202601161555,gravity,36,34,21,13,34,21,13,True,True,True,True,2
202601161555,zero_gravity,36,36,21,15,35,21,14,True,True,True,True,2
202601161607,gravity,36,34,26,8,34,26,8,True,True,True,True,2
202601161607,zero_gravity,36,34,30,4,34,30,4,True,True,True,True,2
202601201533,gravity,36,35,21,14,34,21,13,True,True,True,True,2
202601201533,zero_gravity,36,36,23,13,36,23,13,True,True,True,True,2
202601201601,gravity,36,36,17,19,36,17,19,True,True,True,True,2
202601201601,zero_gravity,36,36,22,14,36,22,14,True,True,True,True,2
202601211631,gravity,36,34,31,3,34,31,3,True,True,False,False,2
202601211631,zero_gravity,36,35,33,2,35,33,2,False,False,False,False,2
202601221031,gravity,36,30,21,9,30,21,9,True,True,True,True,2
202601221031,zero_gravity,36,35,21,14,35,21,14,True,True,True,True,2
202601221622,gravity,36,36,18,18,36,18,18,True,True,True,True,2
202601221622,zero_gravity,36,36,20,16,35,19,16,True,True,True,True,2
202601231437,gravity,36,36,21,15,35,20,15,True,True,True,True,2
202601231437,zero_gravity,36,36,20,16,36,20,16,True,True,True,True,2
202601231616,gravity,36,34,27,7,34,27,7,True,True,True,True,2
202601231616,zero_gravity,36,36,26,10,36,26,10,True,True,True,True,2
202601231630,gravity,36,36,30,6,36,30,6,True,True,True,True,2
202601231630,zero_gravity,36,35,31,4,33,29,4,True,True,True,True,2
202601231631,gravity,36,34,27,7,34,27,7,True,True,True,True,2
202601231631,zero_gravity,36,36,30,6,36,30,6,True,True,True,True,2
202601271536,gravity,36,35,30,5,35,30,5,True,True,True,True,2
202601271536,zero_gravity,36,35,32,3,35,32,3,True,True,True,True,2
202601291546,gravity,36,36,25,11,36,25,11,True,True,True,True,2
202601291546,zero_gravity,36,33,17,16,33,17,16,True,True,True,True,2
202601291609,gravity,36,34,11,23,33,11,22,True,True,True,True,2
202601291609,zero_gravity,36,36,18,18,35,17,18,True,True,True,True,2
202601311414,gravity,36,34,24,10,34,24,10,True,True,True,True,2
202601311414,zero_gravity,36,36,19,17,36,19,17,True,True,True,True,2
202601311415,gravity,36,36,23,13,36,23,13,True,True,True,True,2
202601311415,zero_gravity,36,36,16,20,36,16,20,True,True,True,True,2
202601311526,gravity,36,35,32,3,34,31,3,True,True,True,True,2
202601311526,zero_gravity,36,35,26,9,35,26,9,True,True,True,True,2
202602041413,gravity,36,32,22,10,32,22,10,True,True,True,True,2
202602041413,zero_gravity,36,36,18,18,35,17,18,True,True,True,True,2
202603131141,gravity,36,33,23,10,32,22,10,True,True,True,True,2
202603131141,zero_gravity,36,35,17,18,34,17,17,True,True,True,True,2
202603161028,gravity,36,36,30,6,36,30,6,True,True,True,True,2
202603161028,zero_gravity,36,36,32,4,36,32,4,True,True,True,True,2
202603301430,gravity,36,32,21,11,29,20,9,True,True,True,True,2
202603301430,zero_gravity,36,36,17,19,30,13,17,True,True,True,True,2
202604171122,gravity,36,36,28,8,36,28,8,True,True,True,True,2
202604171122,zero_gravity,36,36,29,7,36,29,7,True,True,True,True,2
202604171456,gravity,36,35,33,2,35,33,2,False,False,False,False,2
202604171456,zero_gravity,36,36,32,4,36,32,4,True,True,False,False,2
202604181434,gravity,36,35,29,6,34,29,5,True,True,True,True,2
202604181434,zero_gravity,36,36,27,9,35,27,8,True,True,True,True,2
202604201535,gravity,36,34,33,1,34,33,1,False,False,False,False,2
202604201535,zero_gravity,36,36,31,5,36,31,5,True,True,False,False,2
202604211006,gravity,36,36,23,13,36,23,13,True,True,True,True,2
202604211006,zero_gravity,36,35,22,13,35,22,13,True,True,True,True,2
202604211430,gravity,36,34,26,8,34,26,8,True,True,True,True,2
202604211430,zero_gravity,36,34,18,16,34,18,16,True,True,True,True,2
202604231424,gravity,36,36,31,5,35,31,4,True,True,True,True,2
202604231424,zero_gravity,36,36,30,6,36,30,6,True,True,True,True,2
202604241058,gravity,36,31,20,11,27,18,9,True,True,True,True,2
202604241058,zero_gravity,36,30,14,16,28,14,14,True,True,True,True,2
202604241424,gravity,36,36,28,8,35,28,7,True,True,True,True,2
202604241424,zero_gravity,36,36,26,10,34,25,9,True,True,True,True,2
202604241517,gravity,36,32,23,9,30,22,8,True,True,True,True,2
202604241517,zero_gravity,36,33,23,10,32,23,9,True,True,True,True,2
202604251424,gravity,36,34,14,20,34,14,20,True,True,True,True,2
202604251424,zero_gravity,36,36,16,20,36,16,20,True,True,True,True,2
202604251447,gravity,36,36,22,14,36,22,14,True,True,True,True,2
202604251447,zero_gravity,36,36,18,18,36,18,18,True,True,True,True,2
202604291121,gravity,36,31,21,10,29,20,9,True,True,True,True,2
202604291121,zero_gravity,36,33,25,8,30,23,7,True,True,True,True,2
202604291412,gravity,36,35,29,6,35,29,6,True,True,True,True,2
202604291412,zero_gravity,36,36,30,6,36,30,6,True,True,True,True,2
202604301109,gravity,36,33,17,16,33,17,16,True,True,True,True,2
202604301109,zero_gravity,36,36,25,11,36,25,11,True,True,True,True,2
202604301417,gravity,36,36,26,10,36,26,10,True,True,True,True,2
202604301417,zero_gravity,36,36,15,21,36,15,21,True,True,True,True,2
202605081618,gravity,36,34,27,7,29,22,7,True,True,True,True,2
202605081618,zero_gravity,36,34,23,11,31,22,9,True,True,True,True,2
202605091021,gravity,36,35,17,18,35,17,18,True,True,True,True,2
202605091021,zero_gravity,36,36,20,16,36,20,16,True,True,True,True,2
202605091507,gravity,36,33,28,5,33,28,5,True,True,True,True,2
202605091507,zero_gravity,36,35,21,14,35,21,14,True,True,True,True,2
202605091613,gravity,36,34,16,18,32,15,17,True,True,True,True,2
202605091613,zero_gravity,36,35,16,19,35,16,19,True,True,True,True,2
202605091617,gravity,36,36,22,14,36,22,14,True,True,True,True,2
202605091617,zero_gravity,36,35,17,18,34,16,18,True,True,True,True,2
202605111426,gravity,36,35,18,17,34,17,17,True,True,True,True,2
202605111426,zero_gravity,36,34,15,19,34,15,19,True,True,True,True,2
202605111540,gravity,36,31,18,13,28,17,11,True,True,True,True,2
202605111540,zero_gravity,36,30,15,15,28,13,15,True,True,True,True,2
202605111553,gravity,36,36,20,16,35,19,16,True,True,True,True,2
202605111553,zero_gravity,36,36,21,15,36,21,15,True,True,True,True,2
202605120953,gravity,36,36,30,6,36,30,6,True,True,True,True,2
202605120953,zero_gravity,36,36,33,3,36,33,3,True,True,True,True,2
202605121423,gravity,36,35,27,8,34,26,8,True,True,True,True,2
202605121423,zero_gravity,36,35,27,8,35,27,8,True,True,True,True,2
202605121442,gravity,36,34,16,18,33,16,17,True,True,True,True,2
202605121442,zero_gravity,36,35,27,8,35,27,8,True,True,True,True,2
202605131007,gravity,36,34,25,9,34,25,9,True,True,True,True,2
202605131007,zero_gravity,36,36,28,8,36,28,8,True,True,True,True,2
202605131018,gravity,36,36,18,18,36,18,18,True,True,True,True,2
202605131018,zero_gravity,36,36,24,12,36,24,12,True,True,True,True,2
202605131426,gravity,36,36,30,6,36,30,6,True,True,True,True,2
202605131426,zero_gravity,36,34,26,8,34,26,8,True,True,True,True,2
202605131703,gravity,36,35,25,10,35,25,10,True,True,True,True,2
202605131703,zero_gravity,36,36,17,19,36,17,19,True,True,True,True,2
202605141023,gravity,36,36,25,11,36,25,11,True,True,True,True,2
202605141023,zero_gravity,36,35,22,13,35,22,13,True,True,True,True,2
202605141420,gravity,36,36,33,3,36,33,3,True,True,True,True,2
202605141420,zero_gravity,36,36,28,8,36,28,8,True,True,True,True,2
202605151433,gravity,36,36,17,19,36,17,19,True,True,True,True,2
202605151433,zero_gravity,36,36,19,17,36,19,17,True,True,True,True,2
202605161415,gravity,36,36,33,3,36,33,3,True,True,True,True,2
202605161415,zero_gravity,36,36,29,7,36,29,7,True,True,True,True,2
202605161422,gravity,36,36,28,8,36,28,8,True,True,True,True,2
202605161422,zero_gravity,36,34,26,8,34,26,8,True,True,True,True,2
202605181455,gravity,36,35,30,5,35,30,5,True,True,True,True,2
202605181455,zero_gravity,36,36,23,13,36,23,13,True,True,True,True,2
202605191433,gravity,36,36,28,8,36,28,8,True,True,True,True,2
202605191433,zero_gravity,36,34,23,11,34,23,11,True,True,True,True,2
202605191954,gravity,36,36,26,10,36,26,10,True,True,True,True,2
202605191954,zero_gravity,36,33,23,10,33,23,10,True,True,True,True,2
202605200915,gravity,36,35,33,2,35,33,2,False,False,False,False,2
202605200915,zero_gravity,36,36,28,8,36,28,8,True,True,False,False,2
202605201004,gravity,36,35,32,3,34,31,3,True,True,True,True,2
202605201004,zero_gravity,36,36,23,13,36,23,13,True,True,True,True,2
202605201452,gravity,36,34,19,15,34,19,15,True,True,True,True,2
202605201452,zero_gravity,36,36,22,14,35,22,13,True,True,True,True,2
202605201637,gravity,36,33,27,6,33,27,6,True,True,True,True,2
202605201637,zero_gravity,36,35,25,10,35,25,10,True,True,True,True,2
202605211013,gravity,36,36,30,6,36,30,6,True,True,True,True,2
202605211013,zero_gravity,36,36,26,10,36,26,10,True,True,True,True,2
202605211443,gravity,36,36,12,24,36,12,24,True,True,True,True,2
202605211443,zero_gravity,36,36,22,14,36,22,14,True,True,True,True,2
202605212015,gravity,36,34,25,9,34,25,9,True,True,True,True,2
202605212015,zero_gravity,36,35,25,10,35,25,10,True,True,True,True,2
202605221039,gravity,36,35,26,9,33,24,9,True,True,True,True,2
202605221039,zero_gravity,36,32,26,6,29,23,6,True,True,True,True,2
202605221450,gravity,36,36,20,16,36,20,16,True,True,True,True,2
202605221450,zero_gravity,36,35,20,15,35,20,15,True,True,True,True,2
202605221530,gravity,36,36,21,15,36,21,15,True,True,True,True,2
202605221530,zero_gravity,36,36,19,17,36,19,17,True,True,True,True,2
202605221536,gravity,36,36,24,12,28,19,9,True,True,True,True,2
202605221536,zero_gravity,36,36,24,12,36,24,12,True,True,True,True,2
202605221545,gravity,36,35,24,11,35,24,11,True,True,True,True,2
202605221545,zero_gravity,36,36,12,24,36,12,24,True,True,True,True,2
202605231431,gravity,36,34,33,1,30,29,1,False,False,False,False,2
202605231431,zero_gravity,36,34,26,8,33,26,7,True,True,False,False,2
202605231554,gravity,36,34,15,19,34,15,19,True,True,True,True,2
202605231554,zero_gravity,36,35,20,15,35,20,15,True,True,True,True,2
202605231635,gravity,36,34,27,7,34,27,7,True,True,True,True,2
202605231635,zero_gravity,36,35,25,10,34,24,10,True,True,True,True,2
202605251447,gravity,36,34,19,15,34,19,15,True,True,True,True,2
202605251447,zero_gravity,36,35,18,17,35,18,17,True,True,True,True,2
202605251607,gravity,36,34,27,7,33,26,7,True,True,True,True,2
202605251607,zero_gravity,36,36,26,10,35,25,10,True,True,True,True,2
202605260957,gravity,36,34,16,18,34,16,18,True,True,True,True,2
202605260957,zero_gravity,36,36,17,19,36,17,19,True,True,True,True,2
202605261045,gravity,36,35,24,11,35,24,11,True,True,True,True,2
202605261045,zero_gravity,36,36,24,12,36,24,12,True,True,True,True,2
202605261430,gravity,36,36,32,4,36,32,4,True,True,True,True,2
202605261430,zero_gravity,36,36,29,7,36,29,7,True,True,True,True,2
202605261437,gravity,36,36,33,3,35,33,2,True,False,True,False,2
202605261437,zero_gravity,36,36,25,11,36,25,11,True,True,True,False,2
202605261606,gravity,36,36,16,20,36,16,20,True,True,True,True,2
202605261606,zero_gravity,36,35,17,18,35,17,18,True,True,True,True,2
202605261631,gravity,36,36,28,8,36,28,8,True,True,True,True,2
202605261631,zero_gravity,36,36,20,16,36,20,16,True,True,True,True,2
202605261634,gravity,36,35,21,14,34,20,14,True,True,True,True,2
202605261634,zero_gravity,36,35,10,25,35,10,25,True,True,True,True,2
202605261957,gravity,36,34,28,6,34,28,6,True,True,True,True,2
202605261957,zero_gravity,36,36,29,7,36,29,7,True,True,True,True,2
202605261958,gravity,36,36,22,14,36,22,14,True,True,True,True,2
202605261958,zero_gravity,36,36,24,12,36,24,12,True,True,True,True,2
202605271051,gravity,36,36,16,20,36,16,20,True,True,True,True,2
202605271051,zero_gravity,36,36,19,17,36,19,17,True,True,True,True,2
202605271423,gravity,36,35,21,14,35,21,14,True,True,True,True,2
202605271423,zero_gravity,36,36,26,10,36,26,10,True,True,True,True,2
202605271445,gravity,36,36,24,12,36,24,12,True,True,True,True,2
202605271445,zero_gravity,36,35,25,10,35,25,10,True,True,True,True,2
202605271505,gravity,36,35,28,7,35,28,7,True,True,True,True,2
202605271505,zero_gravity,36,34,16,18,34,16,18,True,True,True,True,2
202605271539,gravity,36,32,20,12,31,19,12,True,True,True,True,2
202605271539,zero_gravity,36,35,23,12,35,23,12,True,True,True,True,2
202605271553,gravity,36,36,23,13,35,22,13,True,True,True,True,2
202605271553,zero_gravity,36,35,17,18,35,17,18,True,True,True,True,2
202605281004,gravity,36,35,34,1,35,34,1,False,False,False,False,2
202605281004,zero_gravity,36,33,27,6,31,25,6,True,True,False,False,2
202605281034,gravity,36,36,22,14,36,22,14,True,True,True,True,2
202605281034,zero_gravity,36,35,22,13,35,22,13,True,True,True,True,2
202605281055,gravity,36,36,19,17,33,17,16,True,True,True,True,2
202605281055,zero_gravity,36,32,14,18,30,13,17,True,True,True,True,2
202605281637,gravity,36,27,17,10,27,17,10,True,True,True,True,2
202605281637,zero_gravity,36,34,21,13,32,20,12,True,True,True,True,2
202605281645,gravity,36,32,18,14,32,18,14,True,True,True,True,2
202605281645,zero_gravity,36,34,21,13,34,21,13,True,True,True,True,2
202605281945,gravity,36,33,30,3,33,30,3,True,True,True,True,2
202605281945,zero_gravity,36,36,28,8,36,28,8,True,True,True,True,2
202605281954,gravity,36,32,25,7,32,25,7,True,True,True,True,2
202605281954,zero_gravity,36,36,27,9,36,27,9,True,True,True,True,2
202605291006,gravity,36,35,26,9,34,25,9,True,True,True,True,2
202605291006,zero_gravity,36,34,21,13,34,21,13,True,True,True,True,2
202605291528,gravity,36,35,33,2,35,33,2,False,False,False,False,2
202605291528,zero_gravity,36,36,33,3,36,33,3,True,True,False,False,2
202605291659,gravity,36,35,29,6,35,29,6,True,True,True,True,2
202605291659,zero_gravity,36,35,27,8,35,27,8,True,True,True,True,2
202605301430,gravity,36,34,20,14,34,20,14,True,True,True,True,2
202605301430,zero_gravity,36,36,17,19,36,17,19,True,True,True,True,2
202605301437,gravity,36,36,15,21,36,15,21,True,True,True,True,2
202605301437,zero_gravity,36,36,22,14,36,22,14,True,True,True,True,2
202606011412,gravity,36,34,31,3,33,31,2,True,False,True,False,2
202606011412,zero_gravity,36,36,28,8,36,28,8,True,True,True,False,2
202606011955,gravity,36,36,20,16,36,20,16,True,True,True,True,2
202606011955,zero_gravity,36,35,23,12,35,23,12,True,True,True,True,2
202606011956,gravity,36,33,23,10,33,23,10,True,True,True,True,2
202606011956,zero_gravity,36,35,27,8,35,27,8,True,True,True,True,2
202606021003,gravity,36,33,18,15,29,15,14,True,True,True,True,2
202606021003,zero_gravity,36,35,23,12,35,23,12,True,True,True,True,2
202606021009,gravity,36,35,14,21,35,14,21,True,True,True,True,2
202606021009,zero_gravity,36,36,16,20,36,16,20,True,True,True,True,2
202606041515,gravity,36,35,19,16,35,19,16,True,True,True,True,2
202606041515,zero_gravity,36,36,25,11,36,25,11,True,True,True,True,2
202606051026,gravity,36,32,23,9,32,23,9,True,True,True,True,2
202606051026,zero_gravity,36,36,23,13,36,23,13,True,True,True,True,2
202606051627,gravity,36,35,27,8,35,27,8,True,True,True,True,2
202606051627,zero_gravity,36,36,28,8,35,27,8,True,True,True,True,2
202606051733,gravity,36,35,28,7,35,28,7,True,True,True,True,2
202606051733,zero_gravity,36,36,24,12,36,24,12,True,True,True,True,2
202606061425,gravity,36,34,30,4,34,30,4,True,True,True,True,2
202606061425,zero_gravity,36,35,22,13,35,22,13,True,True,True,True,2
202606061640,gravity,36,35,18,17,33,17,16,True,True,True,True,2
202606061640,zero_gravity,36,36,25,11,36,25,11,True,True,True,True,2
202606081618,gravity,36,35,15,20,35,15,20,True,True,True,True,2
202606081618,zero_gravity,36,36,23,13,36,23,13,True,True,True,True,2
202606091031,gravity,36,35,28,7,35,28,7,True,True,True,True,2
202606091031,zero_gravity,36,35,24,11,35,24,11,True,True,True,True,2
202606091034,gravity,36,29,10,19,29,10,19,True,True,True,True,2
202606091034,zero_gravity,36,32,19,13,32,19,13,True,True,True,True,2
202606091426,gravity,36,35,23,12,34,22,12,True,True,True,True,2
202606091426,zero_gravity,36,34,18,16,31,17,14,True,True,True,True,2
202606101015,gravity,36,36,15,21,35,14,21,True,True,True,True,2
202606101015,zero_gravity,36,36,22,14,36,22,14,True,True,True,True,2
202606101415,gravity,36,36,29,7,36,29,7,True,True,True,True,2
202606101415,zero_gravity,36,36,26,10,36,26,10,True,True,True,True,2
202606101420,gravity,36,35,30,5,35,30,5,True,True,True,True,2
202606101420,zero_gravity,36,36,28,8,36,28,8,True,True,True,True,2
202606101632,gravity,36,34,14,20,33,13,20,True,True,True,True,2
202606101632,zero_gravity,36,35,19,16,35,19,16,True,True,True,True,2
202606111014,gravity,36,29,20,9,28,19,9,True,True,True,False,2
202606111014,zero_gravity,36,25,20,5,23,18,5,True,False,True,False,2
202606121012,gravity,36,36,35,1,36,35,1,False,False,False,False,2
202606121012,zero_gravity,36,34,29,5,34,29,5,True,True,False,False,2
202606121419,gravity,36,36,21,15,35,21,14,True,True,True,True,2
202606121419,zero_gravity,36,36,23,13,34,22,12,True,True,True,True,2
202606121603,gravity,36,35,13,22,32,13,19,True,True,True,True,2
202606121603,zero_gravity,36,36,19,17,36,19,17,True,True,True,True,2
202606131455,gravity,36,35,23,12,35,23,12,True,True,True,True,2
202606131455,zero_gravity,36,35,18,17,35,18,17,True,True,True,True,2
202606151502,gravity,36,36,30,6,36,30,6,True,True,True,True,2
202606151502,zero_gravity,36,36,26,10,36,26,10,True,True,True,True,2
202606151633,gravity,36,35,17,18,35,17,18,True,True,True,True,2
202606151633,zero_gravity,36,35,13,22,35,13,22,True,True,True,True,2
202606151954,gravity,36,35,23,12,34,22,12,True,True,True,True,2
202606151954,zero_gravity,36,35,27,8,35,27,8,True,True,True,True,2
202606160949,gravity,36,36,31,5,36,31,5,True,True,True,True,2
202606160949,zero_gravity,36,36,29,7,36,29,7,True,True,True,True,2
202606161430,gravity,36,36,33,3,35,32,3,True,True,True,True,2
202606161430,zero_gravity,36,36,32,4,36,32,4,True,True,True,True,2
202606161543,gravity,36,32,12,20,31,11,20,True,True,True,True,2
202606161543,zero_gravity,36,33,20,13,33,20,13,True,True,True,True,2
202606162041,gravity,36,33,14,19,33,14,19,True,True,True,True,2
202606162041,zero_gravity,36,36,20,16,36,20,16,True,True,True,True,2
202606171429,gravity,36,35,21,14,35,21,14,True,True,True,True,2
202606171429,zero_gravity,36,36,22,14,36,22,14,True,True,True,True,2
202606171620,gravity,36,35,27,8,35,27,8,True,True,True,True,2
202606171620,zero_gravity,36,36,28,8,36,28,8,True,True,True,True,2
202606181002,gravity,36,36,30,6,36,30,6,True,True,True,True,2
202606181002,zero_gravity,36,36,26,10,36,26,10,True,True,True,True,2
202606181422,gravity,36,36,18,18,36,18,18,True,True,True,True,2
202606181422,zero_gravity,36,36,16,20,36,16,20,True,True,True,True,2
202606221624,gravity,36,35,14,21,35,14,21,True,True,True,True,2
202606221624,zero_gravity,36,36,22,14,36,22,14,True,True,True,True,2
202606231419,gravity,36,36,17,19,36,17,19,True,True,True,True,2
202606231419,zero_gravity,36,34,21,13,34,21,13,True,True,True,True,2
202606241428,gravity,36,36,16,20,36,16,20,True,True,True,True,2
202606241428,zero_gravity,36,36,20,16,35,20,15,True,True,True,True,2
202606241623,gravity,36,31,20,11,31,20,11,True,True,True,True,2
202606241623,zero_gravity,36,31,20,11,30,19,11,True,True,True,True,2
202606250958,gravity,36,35,17,18,35,17,18,True,True,True,True,2
202606250958,zero_gravity,36,36,19,17,36,19,17,True,True,True,True,2
202606251423,gravity,36,36,16,20,36,16,20,True,True,True,True,2
202606251423,zero_gravity,36,36,17,19,36,17,19,True,True,True,True,2
202606251616,gravity,36,35,22,13,35,22,13,True,True,True,True,2
202606251616,zero_gravity,36,35,18,17,35,18,17,True,True,True,True,2
202606260938,gravity,36,36,30,6,36,30,6,True,True,True,True,2
202606260938,zero_gravity,36,36,32,4,36,32,4,True,True,True,True,2
202606261540,gravity,36,36,20,16,36,20,16,True,True,True,True,2
202606261540,zero_gravity,36,36,21,15,36,21,15,True,True,True,True,2
202606271424,gravity,36,34,30,4,34,30,4,True,True,True,True,2
202606271424,zero_gravity,36,34,28,6,34,28,6,True,True,True,True,2
202606291435,gravity,36,35,24,11,35,24,11,True,True,True,True,2
202606291435,zero_gravity,36,36,30,6,36,30,6,True,True,True,True,2
202606291609,gravity,36,36,15,21,36,15,21,True,True,True,True,2
202606291609,zero_gravity,36,35,21,14,35,21,14,True,True,True,True,2
202606301005,gravity,36,34,23,11,34,23,11,True,True,True,True,2
202606301005,zero_gravity,36,36,29,7,36,29,7,True,True,True,True,2
202606301410,gravity,36,36,26,10,36,26,10,True,True,True,True,2
202606301410,zero_gravity,36,35,22,13,35,22,13,True,True,True,True,2
202606301635,gravity,36,34,27,7,34,27,7,True,True,True,True,2
202606301635,zero_gravity,36,36,24,12,36,24,12,True,True,True,True,2
202607011009,gravity,36,35,20,15,34,20,14,True,True,True,True,2
202607011009,zero_gravity,36,35,20,15,34,19,15,True,True,True,True,2
202607011417,gravity,36,36,14,22,36,14,22,True,True,True,True,2
202607011417,zero_gravity,36,36,22,14,36,22,14,True,True,True,True,2
202607011950,gravity,36,32,20,12,32,20,12,True,True,True,True,2
202607011950,zero_gravity,36,33,22,11,32,22,10,True,True,True,True,2
202607021616,gravity,36,35,16,19,35,16,19,True,True,True,True,2
202607021616,zero_gravity,36,36,18,18,36,18,18,True,True,True,True,2
202607031029,gravity,36,34,22,12,31,22,9,True,True,True,True,2
202607031029,zero_gravity,36,36,20,16,36,20,16,True,True,True,True,2
202607031621,gravity,36,36,33,3,36,33,3,True,True,True,True,2
202607031621,zero_gravity,36,36,19,17,36,19,17,True,True,True,True,2
202607061414,gravity,36,36,19,17,36,19,17,True,True,True,True,2
202607061414,zero_gravity,36,36,17,19,36,17,19,True,True,True,True,2
202607061659,gravity,36,34,22,12,34,22,12,True,True,True,True,2
202607061659,zero_gravity,36,36,20,16,34,19,15,True,True,True,True,2
202607061949,gravity,36,33,26,7,31,25,6,True,True,True,True,2
202607061949,zero_gravity,36,36,23,13,35,23,12,True,True,True,True,2
202607071009,gravity,36,36,35,1,36,35,1,False,False,False,False,2
202607071009,zero_gravity,36,35,31,4,35,31,4,True,True,False,False,2
