"term","estimate","std_error","statistic","p_value","model","odds_ratio","ci_low","ci_high"
"(Intercept)","1.05566480339843","0.122596248249593","8.61090627544498","7.24852342527766e-18","accuracy_glmm","2.87388508753871","2.26002563655718","3.65447867616187"
"conditionzero_gravity","-0.38440519489588","0.133893340148931","-2.87098069603987","0.0040920051298387","accuracy_glmm","0.680855492109347","0.523700071280241","0.885171162956361"
"velocity_f3","0.00836838241350572","0.0847339431890975","0.0987606866687453","0.921328283332348","accuracy_glmm","1.00840349520302","0.854097309412363","1.19058753368197"
"velocity_f3.5","-0.0853348969869628","0.106739370990579","-0.799469738251449","0.424018087024024","accuracy_glmm","0.918204728907502","0.744871123521553","1.13187355176577"
"velocity_f4","-0.0662060547146278","0.0820103841616459","-0.807288679249849","0.419500184734959","accuracy_glmm","0.935937989985535","0.796963492274983","1.09914686129176"
"velocity_f4.5","-0.0642512823932566","0.0861433458479479","-0.745864718403983","0.455749140009568","accuracy_glmm","0.937769325001231","0.79208050844633","1.11025495203541"
"velocity_f5","-0.128635420753044","0.0997605100130211","-1.28944229270935","0.197244366239691","accuracy_glmm","0.879294479634878","0.723130178067642","1.06918339929114"
"size_pair0.8_0.9","-0.145163973861545","0.0921735926307741","-1.57489764387332","0.11528007261074","accuracy_glmm","0.864880463693493","0.721932080807596","1.03613378095332"
"size_pair0.8_1.0","-0.406805083106004","0.0866675813206443","-4.69385526753015","2.68103750657481e-06","accuracy_glmm","0.665773948245198","0.561763945854044","0.789041292936883"
"size_pair0.9_0.8","-0.145674806516157","0.0933671666741392","-1.56023591274411","0.118704141824013","accuracy_glmm","0.864438767336369","0.719877332368422","1.03803015996563"
"size_pair0.9_0.9","0.0242592347941351","0.085799339642954","0.28274384039653","0.777373207091316","accuracy_glmm","1.02455588400082","0.865967871574812","1.21218672643331"
"size_pair0.9_1.0","-0.203301051381047","0.0856892721039274","-2.37253796641515","0.0176663474050997","accuracy_glmm","0.816032536720437","0.689870055350888","0.965267438152089"
"size_pair1.0_0.8","-0.336485831078667","0.0895663182822512","-3.75683446112294","0.0001720762413275","accuracy_glmm","0.714276004024965","0.599274324504063","0.851346685590252"
"size_pair1.0_0.9","-0.149688192491772","0.0921329369982062","-1.62469793505755","0.104226937580165","accuracy_glmm","0.86097639347955","0.718730549351732","1.03137448491324"
"size_pair1.0_1.0","0.17395788468945","0.0861852313573277","2.01841872383231","0.0435476709780332","accuracy_glmm","1.19000544731602","1.00504752729041","1.40900099367403"
"target_f1","-0.0162443306354803","0.0352942212774572","-0.460254683274617","0.645333424501453","accuracy_glmm","0.983886896974341","0.918125668133301","1.05435830805816"
"trial_c","0.0472814995430587","0.0220407745616109","2.14518321082102","0.031938201430248","accuracy_glmm","1.04841709647782","1.00408992239997","1.09470116536946"
"trial_c2","-0.0186285129983349","0.0372463758932046","-0.500142968318524","0.616974412674772","accuracy_glmm","0.981543925333213","0.912441404577441","1.05587983242026"
"conditionzero_gravity:velocity_f3","-0.218831425518417","0.112793228039983","-1.94011138187166","0.0523661550667929","accuracy_glmm","0.80345714911059","0.644096865142339","1.00224581952321"
"conditionzero_gravity:velocity_f3.5","0.261974491224127","0.124732790259784","2.10028566408646","0.0357037195943333","accuracy_glmm","1.29949339352087","1.01765221308403","1.65939115357177"
"conditionzero_gravity:velocity_f4","-0.0538098564444728","0.10904218792539","-0.493477409691111","0.621675297897662","accuracy_glmm","0.947612271739236","0.765265424824008","1.17340858272449"
"conditionzero_gravity:velocity_f4.5","-0.00104288128517252","0.118858028437533","-0.00877417620737852","0.992999310096532","accuracy_glmm","0.998957662326524","0.791358162168521","1.26101739872921"
"conditionzero_gravity:velocity_f5","-0.0451912546422643","0.120142916491375","-0.376145810023752","0.706808499302361","accuracy_glmm","0.955814660359991","0.755276500488103","1.20959895398397"
"conditionzero_gravity:size_pair0.8_0.9","0.00434797365314877","0.122581021536646","0.0354702024721578","0.971704806400094","accuracy_glmm","1.00435743980515","0.789851102953908","1.2771190204324"
"conditionzero_gravity:size_pair0.8_1.0","0.373042821694904","0.121639034440744","3.0668018980094","0.00216362197289677","accuracy_glmm","1.45214652187671","1.14411374354522","1.8431117822817"
"conditionzero_gravity:size_pair0.9_0.8","0.0896978244894624","0.132199313247435","0.678504466370236","0.497451892904836","accuracy_glmm","1.09384370098193","0.84416033717254","1.41737770597636"
"conditionzero_gravity:size_pair0.9_0.9","0.0827973093173521","0.120232636410001","0.688642549889765","0.491048237567985","accuracy_glmm","1.08632159896531","0.858251020114913","1.37499937514847"
"conditionzero_gravity:size_pair0.9_1.0","0.195972947608861","0.120356366512312","1.62827238215782","0.103467142835765","accuracy_glmm","1.21649399581778","0.960860991080377","1.54013708080374"
"conditionzero_gravity:size_pair1.0_0.8","0.620558900321747","0.122120502451118","5.0815292098077","3.74408424493518e-07","accuracy_glmm","1.85996728771741","1.46404435984048","2.36296003473269"
"conditionzero_gravity:size_pair1.0_0.9","0.170035818528748","0.129124323664464","1.31683801861062","0.187892926085086","accuracy_glmm","1.18534730795662","0.920307104084232","1.52671671689216"
"conditionzero_gravity:size_pair1.0_1.0","-0.0734592925429832","0.119119735591598","-0.616684482870565","0.537442858127341","accuracy_glmm","0.929173969331082","0.735699174354813","1.17352893054369"
"(Intercept)","7.06615460160107","0.0209094996067129","337.939918912861","0","answer_rt_lmm","NA","7.02517198237191","7.10713722083022"
"conditionzero_gravity","-0.0423366373248827","0.0207782763646999","-2.03754327749765","0.0415956296611189","answer_rt_lmm","NA","-0.0830620589996946","-0.00161121565007084"
"velocity_f3","-0.0349611566755833","0.0125662277623558","-2.78215207751646","0.00539997298186772","answer_rt_lmm","NA","-0.0595909630898007","-0.0103313502613659"
"velocity_f3.5","-0.0599192078044923","0.0158754151902622","-3.77433957388693","0.000160432108920857","answer_rt_lmm","NA","-0.0910350215774061","-0.0288033940315784"
"velocity_f4","-0.00277768208143458","0.0122109725047799","-0.227474272040762","0.820054972825014","answer_rt_lmm","NA","-0.0267111881908032","0.0211558240279341"
"velocity_f4.5","-0.0496038291340562","0.0129545074908606","-3.82907873333291","0.000128623855489104","answer_rt_lmm","NA","-0.074994663816143","-0.0242129944519694"
"velocity_f5","-0.0635136412337796","0.0148763583594591","-4.26943474330832","1.95968972445473e-05","answer_rt_lmm","NA","-0.0926713036183194","-0.0343559788492399"
"size_pair0.8_0.9","0.0363986642449824","0.0136523108269473","2.66611745852854","0.00767328784186907","answer_rt_lmm","NA","0.00964013502416571","0.0631571934657992"
"size_pair0.8_1.0","0.0374788943042759","0.0129733167147647","2.88892155555116","0.00386565494971353","answer_rt_lmm","NA","0.0120511935433371","0.0629065950652147"
"size_pair0.9_0.8","-0.0166752688094307","0.013837053159977","-1.2051170590038","0.228158115153974","answer_rt_lmm","NA","-0.0437958930029856","0.0104453553841241"
"size_pair0.9_0.9","0.0138444543678835","0.0124906586625307","1.10838465303787","0.267695729977066","answer_rt_lmm","NA","-0.0106372366106767","0.0383261453464438"
"size_pair0.9_1.0","-0.00588172629111887","0.0127119180574282","-0.462693848760446","0.64358382803639","answer_rt_lmm","NA","-0.0307970856836781","0.0190336331014404"
"size_pair1.0_0.8","0.0397728246000517","0.0133721841172105","2.97429531716233","0.0029366230010507","answer_rt_lmm","NA","0.0135633437303191","0.0659823054697844"
"size_pair1.0_0.9","0.0209263539756681","0.0136572401449981","1.53225349730211","0.125459891672612","answer_rt_lmm","NA","-0.00584183670852809","0.0476945446598643"
"size_pair1.0_1.0","-0.0203248421570591","0.0124153314783871","-1.63707607746447","0.101614574417464","answer_rt_lmm","NA","-0.0446588918546977","0.00400920754057956"
"target_f1","0.031269901539885","0.00536689891024013","5.82643758767685","5.66230289194193e-09","answer_rt_lmm","NA","0.0207507796758143","0.0417890234039556"
"trial_c","-0.0454571610986251","0.00331730965105534","-13.7030201820815","9.73876053569123e-43","answer_rt_lmm","NA","-0.0519590880146936","-0.0389552341825567"
"trial_c2","-0.00208892493207189","0.00557167729406713","-0.374918506909262","0.707721074822383","answer_rt_lmm","NA","-0.0130094124284435","0.00883156256429969"
"conditionzero_gravity:velocity_f3","0.0504428335931506","0.0171177674561975","2.94681147656833","0.00321068882226468","answer_rt_lmm","NA","0.0168920093790036","0.0839936578072976"
"conditionzero_gravity:velocity_f3.5","0.0224360060845373","0.0187222622686183","1.19835977953069","0.230776983361245","answer_rt_lmm","NA","-0.0142596279619546","0.0591316401310291"
"conditionzero_gravity:velocity_f4","0.0186184944707527","0.0165454735770057","1.12529232748152","0.260465179909887","answer_rt_lmm","NA","-0.0138106337401784","0.0510476226816839"
"conditionzero_gravity:velocity_f4.5","0.0984280955478813","0.0181734093527461","5.41605010030813","6.09300348363208e-08","answer_rt_lmm","NA","0.0628082132164989","0.134047977879264"
"conditionzero_gravity:velocity_f5","0.120926402955635","0.0182203254099593","6.63689589701489","3.20357731094501e-11","answer_rt_lmm","NA","0.0852145651521149","0.156638240759155"
"conditionzero_gravity:size_pair0.8_0.9","0.00874835935405213","0.0186990194420882","0.467851235790532","0.639890977837882","answer_rt_lmm","NA","-0.0279017187524407","0.0453984374605449"
"conditionzero_gravity:size_pair0.8_1.0","-0.0568701426878298","0.0186653685655631","-3.046826666619","0.00231271030171748","answer_rt_lmm","NA","-0.0934542650763334","-0.0202860202993261"
"conditionzero_gravity:size_pair0.9_0.8","0.0396970093853509","0.0201083067283256","1.97415973018909","0.0483635833498727","answer_rt_lmm","NA","0.000284728197832623","0.0791092905728692"
"conditionzero_gravity:size_pair0.9_0.9","-0.00730049993283793","0.0180878919503966","-0.403612535549111","0.686497666118742","answer_rt_lmm","NA","-0.0427527681556152","0.0281517682899394"
"conditionzero_gravity:size_pair0.9_1.0","0.00579361535611061","0.0183396651595615","0.315906277770294","0.752073646788313","answer_rt_lmm","NA","-0.0301521283566299","0.0417393590688511"
"conditionzero_gravity:size_pair1.0_0.8","-0.0644704673742216","0.0185103855995453","-3.48293486526856","0.000495949014268303","answer_rt_lmm","NA","-0.10075082314933","-0.0281901115991127"
"conditionzero_gravity:size_pair1.0_0.9","-0.0184598440157566","0.0197526937845021","-0.934548179460974","0.350021195521539","answer_rt_lmm","NA","-0.0571751238333807","0.0202554358018676"
"conditionzero_gravity:size_pair1.0_1.0","0.0064199608091539","0.0178829483304084","0.35899901350368","0.719595827262328","answer_rt_lmm","NA","-0.0286306179184466","0.0414705395367544"
"(Intercept)","6.50696711211168","0.0314997707032447","206.571888202393","0","confidence_rt_lmm","NA","6.44522756153332","6.56870666269004"
"conditionzero_gravity","0.058763554610079","0.0307369790107097","1.91181945986312","0.0558993548801041","confidence_rt_lmm","NA","-0.00148092425091206","0.11900803347107"
"velocity_f3","0.0255983151452603","0.018552686880756","1.37976322835548","0.167659557918743","confidence_rt_lmm","NA","-0.0107649511410215","0.0619615814315421"
"velocity_f3.5","0.0489100617446464","0.0234207827798121","2.08831883222986","0.0367690837907261","confidence_rt_lmm","NA","0.00300532749621463","0.0948147959930782"
"velocity_f4","0.0509545131221591","0.0180195723345277","2.82773154524451","0.0046879100218297","confidence_rt_lmm","NA","0.0156361513464849","0.0862728748978333"
"velocity_f4.5","0.0051559654699977","0.0191216649022792","0.269639986703414","0.78743723440502","confidence_rt_lmm","NA","-0.0323224977384696","0.042634428678465"
"velocity_f5","0.00991986878611999","0.0219392952755417","0.452150748760779","0.651160386156626","confidence_rt_lmm","NA","-0.0330811499539417","0.0529208875261817"
"size_pair0.8_0.9","0.0452192819917704","0.0201499991518752","2.24413319578538","0.0248238326840264","confidence_rt_lmm","NA","0.00572528365409498","0.0847132803294458"
"size_pair0.8_1.0","-0.00445795756853757","0.0191336994023884","-0.232989840322311","0.815769294947068","confidence_rt_lmm","NA","-0.0419600083972188","0.0330440932601437"
"size_pair0.9_0.8","-0.00673839739776371","0.0203773061723853","-0.330681462051907","0.740885106403247","confidence_rt_lmm","NA","-0.0466779174956389","0.0332011227001115"
"size_pair0.9_0.9","0.0472086238085337","0.0184018251940378","2.56543159772158","0.010304753703342","confidence_rt_lmm","NA","0.0111410464282195","0.0832762011888479"
"size_pair0.9_1.0","0.0699552986272659","0.0187662586175293","3.72771685891196","0.000193222280011929","confidence_rt_lmm","NA","0.0331734317369085","0.106737165517623"
"size_pair1.0_0.8","0.0436313788397014","0.0197141081176877","2.21320582088899","0.0268834589796321","confidence_rt_lmm","NA","0.00499172692903343","0.0822710307503694"
"size_pair1.0_0.9","0.0002771349084365","0.0201352271762406","0.0137636842142768","0.989018515587","confidence_rt_lmm","NA","-0.0391879103569951","0.0397421801738681"
"size_pair1.0_1.0","-0.0014764017005813","0.0182799620502739","-0.080766125034662","0.935627948334718","confidence_rt_lmm","NA","-0.0373051273191182","0.0343523239179556"
"target_f1","-0.022298025198665","0.00790043728297626","-2.82237861019572","0.00476688643043283","confidence_rt_lmm","NA","-0.0377828822732985","-0.00681316812403156"
"trial_c","-0.108335872391207","0.00489547402832475","-22.129802295832","1.63291541500485e-108","confidence_rt_lmm","NA","-0.117931001486723","-0.0987407432956904"
"trial_c2","0.0443610189185779","0.0082159607695166","5.39937082990575","6.68750137436141e-08","confidence_rt_lmm","NA","0.0282577358103254","0.0604643020268304"
"conditionzero_gravity:velocity_f3","-0.0253883884302212","0.0252279310887104","-1.0063603052088","0.314242281036362","confidence_rt_lmm","NA","-0.0748351333640937","0.0240583565036512"
"conditionzero_gravity:velocity_f3.5","-0.0642101182110338","0.027597146693159","-2.32669409359449","0.0199815524448916","confidence_rt_lmm","NA","-0.118300525729626","-0.0101197106924421"
"conditionzero_gravity:velocity_f4","-0.0700861937083001","0.024390748413831","-2.8734745043148","0.00405983845154625","confidence_rt_lmm","NA","-0.117892060599409","-0.0222803268171913"
"conditionzero_gravity:velocity_f4.5","-0.0329076956817664","0.0267828776628609","-1.22868409048512","0.219190273451665","confidence_rt_lmm","NA","-0.0854021359009739","0.019586744537441"
"conditionzero_gravity:velocity_f5","-0.0129192966601316","0.0268520137766502","-0.481129525986088","0.630424444431495","confidence_rt_lmm","NA","-0.0655492436623659","0.0397106503421027"
"conditionzero_gravity:size_pair0.8_0.9","-0.01555445586153","0.0275739759694715","-0.5640991302361","0.572686669959066","confidence_rt_lmm","NA","-0.069599448761694","0.0384905370386341"
"conditionzero_gravity:size_pair0.8_1.0","0.0219444888463745","0.0274886132005044","0.798311965987861","0.424689475758717","confidence_rt_lmm","NA","-0.031933193026614","0.075822170719363"
"conditionzero_gravity:size_pair0.9_0.8","0.00865663051447104","0.029608396347223","0.29237079958513","0.770003131885566","confidence_rt_lmm","NA","-0.0493758263260861","0.0666890873550282"
"conditionzero_gravity:size_pair0.9_0.9","-0.0638483771422883","0.0266443907548553","-2.39631589739591","0.0165608106084083","confidence_rt_lmm","NA","-0.116071383021805","-0.0116253712627719"
"conditionzero_gravity:size_pair0.9_1.0","-0.0575473824981939","0.027020511810546","-2.12976656037039","0.0331908907158277","confidence_rt_lmm","NA","-0.110507585646864","-0.00458717934952386"
"conditionzero_gravity:size_pair1.0_0.8","-0.0494189594671604","0.0272847230599573","-1.81123185155898","0.0701049696773948","confidence_rt_lmm","NA","-0.102897016664677","0.00405909773035586"
"conditionzero_gravity:size_pair1.0_0.9","0.0302108185892622","0.0290949173240056","1.03835382148812","0.299105360047641","confidence_rt_lmm","NA","-0.0268152193657888","0.0872368565443131"
"conditionzero_gravity:size_pair1.0_1.0","-0.0238524974533507","0.0263200185174275","-0.906249265651431","0.364803932276102","confidence_rt_lmm","NA","-0.0754397337475086","0.0277347388408071"
"conditionzero_gravity","-0.597797091681775","0.153255248639831","-3.90066308976256","9.59295755933918e-05","confidence_clmm","0.550021950428623","0.407311357845905","0.742734372921066"
"velocity_f3","-0.071808234930674","0.094743132782425","-0.757925485698047","0.44849559219405","confidence_clmm","0.930709356243643","0.772977935192626","1.12062694982826"
"velocity_f3.5","-0.129890285387341","0.121451433077511","-1.06948334898976","0.284851927879334","confidence_clmm","0.878191776105783","0.692162105552663","1.11421990518253"
"velocity_f4","-0.102709104683202","0.0929461904995072","-1.10503834671682","0.269142973497873","confidence_clmm","0.902389436165991","0.752101765246613","1.08270812825039"
"velocity_f4.5","-0.0448527636068129","0.0994689439309833","-0.450922286235732","0.652045560541659","confidence_clmm","0.956138249817052","0.786775844631781","1.16195782954047"
"velocity_f5","-0.0980538233862532","0.114898901993245","-0.853392170727771","0.393441861770409","confidence_clmm","0.906600106153016","0.723788778696737","1.13558509978094"
"size_pair0.8_0.9","0.0962453004758899","0.105613920061933","0.911293704650398","0.362140642531284","confidence_clmm","1.10102911383654","0.895155365669926","1.35425106747635"
"size_pair0.8_1.0","0.0538012012531516","0.100801460067497","0.533734344890701","0.593525343671229","confidence_clmm","1.05527479399434","0.866087219200371","1.28578838961272"
"size_pair0.9_0.8","-0.073586208315921","0.110058881426016","-0.668607634045304","0.503745801525889","confidence_clmm","0.929056049981641","0.748786325470256","1.15272557022915"
"size_pair0.9_0.9","-0.00714365960349532","0.0971812909586214","-0.0735085892873866","0.941401409305294","confidence_clmm","0.992881795682071","0.820682481905636","1.20121274906195"
"size_pair0.9_1.0","0.0398515347298917","0.0986173997958457","0.404102468858345","0.686137369556555","confidence_clmm","1.04065626140984","0.857753455344425","1.26256029359468"
"size_pair1.0_0.8","0.0197182927037549","0.105093005634914","0.18762706980001","0.851169004465128","confidence_clmm","1.01991398234291","0.830054433061014","1.2532003805371"
"size_pair1.0_0.9","0.0174862257328013","0.104649307991225","0.167093562952825","0.867296430830954","confidence_clmm","1.01764000480888","0.828924320659653","1.24931933299207"
"size_pair1.0_1.0","0.131310472315072","0.0952071886872759","1.37920753806084","0.167830774585712","confidence_clmm","1.14032176469634","0.946205391721369","1.37426159100041"
"target_f1","-0.00979686947315906","0.0407187702284847","-0.240598363314659","0.809866418812821","confidence_clmm","0.990250963520603","0.914291656767836","1.07252096581527"
"trial_c","0.0686680025502129","0.0252097770224508","2.72386393933829","0.00645230820485638","confidence_clmm","1.07108055410085","1.01944344842915","1.12533319542218"
"trial_c2","0.00565549387986472","0.0433815270880902","0.130366408457238","0.896276541913964","confidence_clmm","1.00567151637618","0.923695969139745","1.09492217422176"
"conditionzero_gravity:velocity_f3","0.110672906836369","0.127894653328995","0.86534428105978","0.386849853305705","confidence_clmm","1.11702947438784","0.869357701883852","1.43526058830255"
"conditionzero_gravity:velocity_f3.5","0.263248110491377","0.142047778113557","1.85323638276784","0.0638484850011615","confidence_clmm","1.30114950775015","0.984948882977287","1.71886081681814"
"conditionzero_gravity:velocity_f4","0.226615511679407","0.124233139290905","1.82411482936741","0.0681347140707935","confidence_clmm","1.25434749325138","0.98326025175171","1.60017414618662"
"conditionzero_gravity:velocity_f4.5","0.137130808117085","0.137306937623117","0.998717257051381","0.317931678489865","confidence_clmm","1.14697817276311","0.876349066546416","1.50118141162568"
"conditionzero_gravity:velocity_f5","0.247150054259278","0.139217844619775","1.77527568347493","0.0758523784265443","confidence_clmm","1.28037122351994","0.974610942263294","1.68205629439267"
"conditionzero_gravity:size_pair0.8_0.9","-0.106357289583779","0.141618796091765","-0.75101111235872","0.452645968140919","confidence_clmm","0.899103350419343","0.681179019546999","1.18674652556517"
"conditionzero_gravity:size_pair0.8_1.0","0.158322569035154","0.14218603703848","1.11348886524143","0.265498527870414","confidence_clmm","1.17154403759403","0.88659937327236","1.54806722562446"
"conditionzero_gravity:size_pair0.9_0.8","0.238079374696099","0.154826124914797","1.53772094229651","0.124116860850984","confidence_clmm","1.26880990022829","0.936711604501743","1.71864910734574"
"conditionzero_gravity:size_pair0.9_0.9","0.00637561023824363","0.1377269063226","0.0462916826383214","0.963077768497333","confidence_clmm","1.0063959777032","0.768304510667579","1.3182700997774"
"conditionzero_gravity:size_pair0.9_1.0","0.0077679117482329","0.13864493034868","0.0560273767580054","0.955319997910743","confidence_clmm","1.00779816024653","0.767991854711445","1.32248424975535"
"conditionzero_gravity:size_pair1.0_0.8","0.323437626162341","0.141777486153766","2.28130456348728","0.0225304308764369","confidence_clmm","1.38186996104728","1.04660726169706","1.82452832034481"
"conditionzero_gravity:size_pair1.0_0.9","0.121115741341207","0.148833452382382","0.813766928083061","0.415778484488808","confidence_clmm","1.12875554848828","0.843160603131267","1.5110870734608"
"conditionzero_gravity:size_pair1.0_1.0","-0.11112836929013","0.135163143468563","-0.822179526447439","0.410974729224289","confidence_clmm","0.894823873650508","0.686569287331857","1.16624757272003"
"(Intercept)","0.705413016460181","0.173229838963939","4.07212187391704","4.65867909062978e-05","confidence_accuracy_coupling_glmm","2.02468273955638","1.44178586913526","2.84323787853199"
"conditionzero_gravity","-0.187270567916562","0.0591653167662393","-3.16520857407835","0.00154971817801308","confidence_accuracy_coupling_glmm","0.829219345879549","0.738425849632409","0.93117639898874"
"confidence_within","0.292245045353705","0.0237567553580819","12.3015555343624","8.88464510177876e-35","confidence_accuracy_coupling_glmm","1.33943119881989","1.27849269863873","1.40327429189258"
"confidence_between","0.0394141573904596","0.0261771070293473","1.50567277530983","0.132151196124017","confidence_accuracy_coupling_glmm","1.04020120146667","0.988177469478109","1.09496378226894"
"velocity_f3","-0.0783534965472839","0.0535696455284119","-1.46264728419245","0.143563917729837","confidence_accuracy_coupling_glmm","0.924637512597276","0.8324767363994","1.02700110684161"
"velocity_f3.5","0.0902590766400038","0.0593887771535486","1.51980022095152","0.128561193584978","confidence_accuracy_coupling_glmm","1.09445779542626","0.974195841177079","1.22956577655065"
"velocity_f4","-0.104439416988634","0.050820996353202","-2.05504465640123","0.0398746916508853","confidence_accuracy_coupling_glmm","0.900829370709763","0.81542276527149","0.995181382829269"
"velocity_f4.5","-0.0378148429457349","0.055327004342471","-0.683478952008015","0.494304245820634","confidence_accuracy_coupling_glmm","0.962891210486865","0.863936704573613","1.07317987339182"
"velocity_f5","-0.122850755194099","0.0568611620183583","-2.16053894843786","0.0307309718460246","confidence_accuracy_coupling_glmm","0.884395644168045","0.791125524624106","0.988661888762903"
"size_pair0.8_0.9","-0.17901909492376","0.0606764177661489","-2.95038997875108","0.00317373055980375","confidence_accuracy_coupling_glmm","0.836089934171059","0.742342261168323","0.941676655889137"
"size_pair0.8_1.0","-0.204026178719515","0.0599605619062204","-3.40267289420363","0.000667301197365608","confidence_accuracy_coupling_glmm","0.815441023706028","0.725025189889619","0.917132359558388"
"size_pair0.9_0.8","-0.0821635584340833","0.0618065273823368","-1.3293670088568","0.183726916662829","confidence_accuracy_coupling_glmm","0.921121289219387","0.816029843227995","1.03974681378917"
"size_pair0.9_0.9","0.0905662651716053","0.0592519488586525","1.5284942844269","0.12638986154229","confidence_accuracy_coupling_glmm","1.09479405195376","0.974756527462599","1.2296137367896"
"size_pair0.9_1.0","-0.0916184957258081","0.0598038752457977","-1.53198259058046","0.125526730914553","confidence_accuracy_coupling_glmm","0.912453187943001","0.811529864414879","1.02592751874589"
"size_pair1.0_0.8","-0.0719046900174289","0.0609237754663133","-1.18024021766654","0.237904687581898","confidence_accuracy_coupling_glmm","0.93061958892127","0.825872157921818","1.04865239853016"
"size_pair1.0_0.9","-0.128185746762021","0.0629638464807566","-2.03586270418212","0.0417641438165592","confidence_accuracy_coupling_glmm","0.879689964405764","0.777559674687564","0.995234782188468"
"size_pair1.0_1.0","0.105073178833045","0.0595019967502302","1.76587651796137","0.0774165675410336","confidence_accuracy_coupling_glmm","1.1107918938361","0.988515718830935","1.24819323345835"
"target_f1","0.00876353268459779","0.0303991761159395","0.288281914324734","0.773130950061555","confidence_accuracy_coupling_glmm","1.00880204485584","0.950450826727746","1.07073563101527"
"trial_c","0.0290807024251924","0.0182784479500852","1.59098313514397","0.111613371257967","confidence_accuracy_coupling_glmm","1.02950767488881","0.993277641271133","1.06705920743226"
"trial_c2","-0.00431296396307187","0.0317671474557861","-0.135768059410267","0.8920046421083","confidence_accuracy_coupling_glmm","0.995696323509026","0.935591272104967","1.05966269482061"
"conditionzero_gravity:confidence_within","-0.0947760045364562","0.0329327477736332","-2.87786507180966","0.004003763462285","confidence_accuracy_coupling_glmm","0.909576652695349","0.852719870751942","0.970224472896267"
"conditionzero_gravity","-0.231142828626372","0.0881349106135952","-2.62260240598369","0.00872610391812912","confidence_bias_clmm","0.793626105413375","0.667719400097873","0.943274068570242"
"correct_f1","0.592933304645505","0.0510782245829828","11.6083381810229","3.73809883470028e-31","confidence_bias_clmm","1.80928783159846","1.63692582278355","1.99979889864753"
"velocity_f3","0.0485599904553643","0.0602483725574284","0.805996716493498","0.420244742367069","confidence_bias_clmm","1.04975834541256","0.932835114637781","1.18133694419428"
"velocity_f3.5","0.0701525029885409","0.0672148401047719","1.04370556976986","0.296621632133107","confidence_bias_clmm","1.07267175442947","0.940269649563808","1.22371778487648"
"velocity_f4","0.0308344840745789","0.0572629228231651","0.538472061054229","0.590251188553983","confidence_bias_clmm","1.03131479073705","0.921824109106492","1.15381034959472"
"velocity_f4.5","0.117373006612845","0.0630414122747786","1.8618397395866","0.0626256831374435","confidence_bias_clmm","1.12453881188274","0.993830945792112","1.27243727394978"
"velocity_f5","0.11028089420699","0.0650032934530116","1.69654318033452","0.0897830599081861","confidence_bias_clmm","1.11659167054441","0.98302024791873","1.26831259210466"
"size_pair0.8_0.9","0.0526440183726141","0.0689575118370613","0.763426883745544","0.44520885204516","confidence_bias_clmm","1.0540543543406","0.920799739180157","1.20659306755841"
"size_pair0.8_1.0","0.170673675356542","0.0689166536883083","2.47652296248238","0.0132669090672745","confidence_bias_clmm","1.18610363101758","1.03623819371877","1.35764328321495"
"size_pair0.9_0.8","0.029441314963142","0.0712932389399713","0.412960827715114","0.679635313869398","confidence_bias_clmm","1.02987899521165","0.895571306240213","1.18432863735996"
"size_pair0.9_0.9","-0.00454328551964636","0.066947365147502","-0.067863544885394","0.945894258789536","confidence_bias_clmm","0.995467019589752","0.873052034038843","1.13504642158226"
"size_pair0.9_1.0","0.0500505895595712","0.0681699396741071","0.734203225040872","0.462824888226816","confidence_bias_clmm","1.05132428106306","0.919833602448102","1.20161161867875"
"size_pair1.0_0.8","0.182771120964615","0.0693349139842334","2.63606184044848","0.00838744442380006","confidence_bias_clmm","1.20053959828773","1.04799067667366","1.37529403566029"
"size_pair1.0_0.9","0.0509387162320138","0.0710906389877347","0.716531978855927","0.473662928708947","confidence_bias_clmm","1.05225840494723","0.915395619435777","1.20958384251889"
"size_pair1.0_1.0","0.0467041341426803","0.0666603040971405","0.700628879139537","0.483534650934567","confidence_bias_clmm","1.04781195143286","0.919477171902895","1.1940588838039"
"target_f1","0.0329348415217594","0.034648418960582","0.950543849034726","0.341835984459363","confidence_bias_clmm","1.03348319685497","0.965628533474618","1.10610600365989"
"trial_c","0.0231756585124239","0.0206813952131337","1.12060420844848","0.262456372843144","confidence_bias_clmm","1.0234463008132","0.982789938370947","1.06578454840965"
"trial_c2","0.0550893266803033","0.0362439179209144","1.5199605848493","0.128520882115812","confidence_bias_clmm","1.05663499615654","0.984177755466887","1.13442669162247"
"conditionzero_gravity:correct_f1","-0.062354597326146","0.0724823002539416","-0.860273433758128","0.389638333559766","confidence_bias_clmm","0.93954966591565","0.815120025669951","1.08297373015302"
"(Intercept)","0.800657997770593","0.0789990442529501","10.1350339784737","3.86239268466267e-24","accuracy_occlusion_sensitivity_glmm","2.22700581135376","1.90755033359635","2.59996016695037"
"conditionzero_gravity","-0.175821063063405","0.058403049510305","-3.01047744146275","0.00260837322748944","accuracy_occlusion_sensitivity_glmm","0.838768056496401","0.748045824559847","0.940492987863023"
"occlusion_hidden_c","-0.140628912682484","0.0555793659037875","-2.5302360038782","0.0113985827293274","accuracy_occlusion_sensitivity_glmm","0.868811656872041","0.779140048164958","0.968803614824494"
"size_pair0.8_0.9","-0.109594079855997","0.0583530245900627","-1.87812166765834","0.0603645228208415","accuracy_occlusion_sensitivity_glmm","0.896197846231534","0.799342305109223","1.00478928045763"
"size_pair0.8_1.0","-0.171654757421317","0.0571242569128598","-3.00493637375743","0.00265636410820418","accuracy_occlusion_sensitivity_glmm","0.842269910413992","0.753054029847729","0.942055382310672"
"size_pair0.9_0.8","-0.0292203336629088","0.0597216350002896","-0.489275514020456","0.624646654001737","accuracy_occlusion_sensitivity_glmm","0.971202452296687","0.863920318608706","1.09180694449475"
"size_pair0.9_0.9","0.106144890880483","0.0585033061593862","1.81434004073722","0.0696253906455312","accuracy_occlusion_sensitivity_glmm","1.11198298102816","0.991514616632552","1.24708817132297"
"size_pair0.9_1.0","-0.0420759259838296","0.0581373614846351","-0.723732981844208","0.469229680555611","accuracy_occlusion_sensitivity_glmm","0.958796980204785","0.855537669483417","1.07451919657131"
"size_pair1.0_0.8","-0.0164481641561015","0.0587737220370648","-0.279855751618533","0.779588176296518","accuracy_occlusion_sensitivity_glmm","0.983686368282166","0.876652449992302","1.10378847529903"
"size_pair1.0_0.9","-0.0710668406208573","0.0577718498301666","-1.23012922088828","0.21864871924276","accuracy_occlusion_sensitivity_glmm","0.931399634717103","0.831686538062637","1.04306759800628"
"size_pair1.0_1.0","0.132495006206974","0.0586913304443037","2.25748854564998","0.0239775644247781","accuracy_occlusion_sensitivity_glmm","1.14167331479471","1.01761331531434","1.28085780531647"
"target_f1","0.035365732146365","0.0299659790589144","1.18019611763175","0.237922222807636","accuracy_occlusion_sensitivity_glmm","1.03599853748923","0.976903320991001","1.09866856485967"
"trial_c","0.0575206885894199","0.0158848559462155","3.62110231179806","0.000293350469148167","accuracy_occlusion_sensitivity_glmm","1.05920718393059","1.0267375734024","1.09270361536722"
"trial_c2","-0.0132177079259593","0.0314559110070301","-0.420197905665655","0.674340884601116","accuracy_occlusion_sensitivity_glmm","0.986869262371093","0.927862900630352","1.04962806504197"
"conditionzero_gravity:occlusion_hidden_c","0.150149076812694","0.0572841793264543","2.62112643627163","0.00876397520201658","accuracy_occlusion_sensitivity_glmm","1.16200745818495","1.03859837241616","1.30008034745543"
"(Intercept)","7.03304302720427","0.0156168166793947","450.350617004034","0","rt_occlusion_sensitivity_lmm","NA","7.00243406651266","7.06365198789588"
"conditionzero_gravity","0.0157548451106438","0.00999180904505048","1.57677604121628","0.114847066342862","rt_occlusion_sensitivity_lmm","NA","-0.00382910061765518","0.0353387908389427"
"occlusion_hidden_c","-0.0160702684249969","0.00833353232714117","-1.92838616257097","0.0538071116859326","rt_occlusion_sensitivity_lmm","NA","-0.0324039917861936","0.000263454936199843"
"size_pair0.8_0.9","0.0276429383184435","0.00894373690391071","3.09075933420587","0.00199645378694411","rt_occlusion_sensitivity_lmm","NA","0.0101132139867785","0.0451726626501085"
"size_pair0.8_1.0","0.00223026425428087","0.00879403253431871","0.253611098842","0.799796021283822","rt_occlusion_sensitivity_lmm","NA","-0.0150060395129838","0.0194665680215455"
"size_pair0.9_0.8","-0.00134769753315773","0.00913646596110434","-0.147507530690218","0.882731436119658","rt_occlusion_sensitivity_lmm","NA","-0.0192551708169222","0.0165597757506068"
"size_pair0.9_0.9","0.0037173635867399","0.00883320326553291","0.420839810314909","0.673872059233078","rt_occlusion_sensitivity_lmm","NA","-0.0135957148137046","0.0210304419871844"
"size_pair0.9_1.0","-0.016459117968716","0.00888220254240814","-1.85304465757585","0.0638759580865529","rt_occlusion_sensitivity_lmm","NA","-0.033868234951836","0.000949999014403954"
"size_pair1.0_0.8","-0.00350768080289249","0.00893505321094114","-0.392575256138069","0.694633218020602","rt_occlusion_sensitivity_lmm","NA","-0.0210203850963371","0.0140050234905521"
"size_pair1.0_0.9","0.00974102174335987","0.00883561021486864","1.10247300486022","0.270256088238693","rt_occlusion_sensitivity_lmm","NA","-0.00757677427778266","0.0270588177645024"
"size_pair1.0_1.0","-0.0212738591364967","0.00885213242286043","-2.40324682463599","0.0162502150015792","rt_occlusion_sensitivity_lmm","NA","-0.0386240386853031","-0.00392367958769022"
"target_f1","0.0268340647288078","0.00457070071838553","5.87088640935698","4.33471203068619e-09","rt_occlusion_sensitivity_lmm","NA","0.0178754913207721","0.0357926381368434"
"trial_c","-0.0580057696196265","0.00239828204205962","-24.186383670626","3.09446825497073e-129","rt_occlusion_sensitivity_lmm","NA","-0.0627064024220633","-0.0533051368171896"
"trial_c2","0.00141080845990533","0.00472898932814806","0.298331918726875","0.765449845193382","rt_occlusion_sensitivity_lmm","NA","-0.00785801062326488","0.0106796275430755"
"conditionzero_gravity:occlusion_hidden_c","0.00324403061930237","0.00861484596005317","0.376562811957969","0.706498528465741","rt_occlusion_sensitivity_lmm","NA","-0.0136410674624018","0.0201291287010066"
