subject,auc,signature_rate,signature_rate_percent
202511171004,0.4566563467492259,0.051056338028168904,5.10563380281689
202511171621,0.7548387096774194,0.0469696969696967,4.696969696969671
202511181005,0.7424749163879598,0.0543735224586287,5.43735224586287
202511181030,0.6648550724637681,0.0492505353319056,4.92505353319056
202511181442,0.5595238095238095,0.0852994555353901,8.52994555353901
202511181445,0.6964285714285714,0.0137524557956776,1.37524557956776
202511181455,0.35625,0.09561752988047789,9.56175298804779
202511181644,0.584375,0.04921259842519671,4.921259842519671
202511190941,0.5833333333333333,0.05642023346303479,5.642023346303479
202511191004,0.84765625,0.0476190476190475,4.761904761904749
202511191614,0.5652173913043479,0.1068376068376067,10.683760683760669
202511191626,0.4668367346938775,0.0386740331491711,3.86740331491711
202511201417,0.4375,0.031512605042016695,3.1512605042016695
202511201419,0.5906250000000001,0.0506822612085768,5.06822612085768
202511210958,0.6257142857142857,0.0658135283363801,6.58135283363801
202511211007,0.4424342105263157,0.0987394957983191,9.87394957983191
202511211421,0.4431818181818182,0.0840950639853746,8.40950639853746
202511211610,0.7879464285714286,0.0589812332439678,5.89812332439678
202511211621,0.7708333333333334,0.0755102040816325,7.55102040816325
202511241622,0.546875,0.072265625,7.2265625
202511250951,0.6428571428571428,0.030674846625766798,3.0674846625766796
202511250957,0.6618181818181819,0.0334645669291337,3.34645669291337
202511251431,0.6176470588235294,0.0545454545454543,5.45454545454543
202511251659,0.50625,0.127094972067039,12.709497206703901
202511260959,0.4180602006688964,0.045871559633027394,4.587155963302739
202511261624,0.55625,0.0391304347826085,3.9130434782608496
202511261626,0.515625,0.0888888888888888,8.888888888888879
202511261627,0.5785953177257525,0.110091743119266,11.0091743119266
202511271030,0.5683760683760684,0.1002673796791443,10.02673796791443
202511271033,0.6280276816608997,0.1038575667655785,10.38575667655785
202511271431,0.4777777777777777,0.1333333333333332,13.33333333333332
202511271434,0.4636363636363637,0.0904977375565609,9.04977375565609
202511271638,0.4791666666666667,0.0249110320284696,2.49110320284696
202511281031,0.5803571428571428,0.08646003262642729,8.64600326264273
202511281437,0.6346153846153846,0.046808510638297704,4.6808510638297705
202511281438,0.5083333333333333,0.14529914529914512,14.529914529914512
202511281630,0.5357142857142857,0.0652173913043476,6.52173913043476
202512011436,0.438034188034188,0.0910746812386156,9.10746812386156
202512011444,0.6714285714285714,0.0388349514563106,3.88349514563106
202512021035,0.7388888888888889,0.0858585858585858,8.58585858585858
202512021459,0.5401785714285714,0.032758620689655,3.2758620689655
202512021644,0.4938080495356036,0.1428571428571428,14.28571428571428
202512031019,0.4772727272727273,0.13333333333333308,13.333333333333307
202512031140,0.519047619047619,0.102209944751381,10.220994475138099
202512031412,0.7254464285714286,0.06788511749347251,6.788511749347251
202512031606,0.6009615384615384,0.1241610738255032,12.41610738255032
202512041624,0.5909090909090908,0.1178451178451178,11.78451178451178
202512041627,0.4375,0.1216814159292034,12.168141592920339
202512051006,0.4528985507246377,0.0939759036144577,9.39759036144577
202512051012,0.4053497942386831,0.0792079207920791,7.92079207920791
202512051458,0.5789473684210527,0.041362530413625295,4.136253041362529
202512051625,0.6649305555555556,0.078078078078078,7.8078078078078
202512081052,0.3333333333333333,0.13725490196078421,13.725490196078422
202512081420,0.4772727272727273,0.0421455938697317,4.2145593869731695
202512081637,0.5,0.057356608478802903,5.735660847880291
202512090949,0.5287356321839081,0.1043046357615893,10.43046357615893
202512091017,0.4354838709677419,0.0866510538641684,8.66510538641684
202512091426,0.4178571428571428,0.0687160940325497,6.87160940325497
202512091427,0.5227272727272727,0.0979381443298968,9.793814432989679
202512091621,0.6204013377926421,0.015734265734265597,1.5734265734265598
202512091629,0.648888888888889,0.0619946091644203,6.19946091644203
202512100952,0.4814814814814814,0.0522727272727272,5.22727272727272
202512101006,0.4523809523809524,0.052830188679245105,5.28301886792451
202512101010,0.4,0.042654028436018704,4.26540284360187
202512101424,0.4583333333333333,0.1001890359168241,10.01890359168241
202512101439,0.3979591836734694,0.0808270676691729,8.08270676691729
202512101615,0.5333333333333333,0.0565656565656564,5.656565656565641
202512101635,0.7134615384615385,0.0246575342465752,2.46575342465752
202512111013,0.5517241379310345,0.0796703296703295,7.967032967032949
202512111440,0.5227272727272727,0.0931263858093125,9.31263858093125
202512111443,0.664,0.09890109890109869,9.89010989010987
202512111615,0.3392857142857142,0.09397163120567359,9.39716312056736
202512111620,0.57,0.0510638297872339,5.10638297872339
202512121004,0.5183946488294314,0.0892857142857141,8.92857142857141
202512121440,0.5,0.08602150537634401,8.602150537634401
202512151424,0.5181818181818182,0.0590339892665473,5.90339892665473
202512151429,0.5270833333333333,0.10629921259842509,10.62992125984251
202512151627,0.7250000000000001,0.0719257540603248,7.192575406032479
202512160951,0.6319444444444444,0.08847736625514391,8.84773662551439
202512161427,0.8194444444444444,0.1127049180327868,11.27049180327868
202512161429,0.6109374999999999,0.12525252525252512,12.525252525252512
202512161620,0.5399305555555556,0.04296875,4.296875
202512171000,0.3765432098765432,0.068100358422939,6.8100358422939005
202512171004,0.5555555555555556,0.0802792321116927,8.02792321116927
202512171013,0.5870967741935484,0.06506024096385529,6.506024096385529
202512171417,0.6969696969696969,0.0366666666666666,3.66666666666666
202512171421,0.5433436532507739,0.10500000000000001,10.500000000000002
202512180957,0.5535714285714286,0.0499219968798752,4.99219968798752
202512181416,0.5541871921182266,0.044334975369458,4.4334975369458
202512181505,0.4722222222222222,0.1316872427983537,13.16872427983537
202512191005,0.5859375,0.0566037735849055,5.660377358490551
202512191420,0.6266666666666667,0.030710172744721598,3.07101727447216
202512191437,0.6388888888888888,0.0366972477064219,3.66972477064219
202512191555,0.6851851851851851,0.06946983546617899,6.946983546617899
202512221005,0.4285714285714286,0.0702087286527513,7.0208728652751295
202512221617,0.6224489795918368,0.0353634577603142,3.5363457760314203
202512221633,0.7339901477832512,0.0394366197183098,3.9436619718309798
202512231014,0.7535714285714286,0.0848056537102472,8.48056537102472
202512231610,0.5634920634920635,0.171102661596958,17.1102661596958
202512231626,0.6493506493506493,0.0673316708229425,6.73316708229425
202512241001,0.3900928792569659,0.09401709401709381,9.40170940170938
202512241020,0.5016722408026756,0.047095761381475504,4.7095761381475505
202512241428,0.6495535714285714,0.0840787119856885,8.40787119856885
202512241627,0.584375,0.08333333333333309,8.333333333333309
202512250951,0.5909090909090909,0.0219780219780218,2.19780219780218
202512251624,0.5277777777777778,0.09161793372319671,9.161793372319671
202512260959,0.573529411764706,0.0514285714285713,5.14285714285713
202512261030,0.7386831275720165,0.0320284697508895,3.20284697508895
202512261422,0.7905982905982907,0.07058823529411751,7.05882352941175
202512261436,0.5459183673469388,0.12788259958071269,12.788259958071269
202512261625,0.5640625,0.0784313725490194,7.84313725490194
202512291041,0.6036789297658862,0.1002865329512893,10.02865329512893
202512291432,0.6008064516129032,0.07235621521335789,7.235621521335789
202512291441,0.6015625,0.1666666666666665,16.66666666666665
202512291612,0.5245098039215685,0.0822281167108752,8.22281167108752
202512300954,0.5086805555555556,0.0931506849315068,9.31506849315068
202512301420,0.5788177339901478,0.0498442367601245,4.98442367601245
202512301559,0.558641975308642,0.0711462450592884,7.11462450592884
202512301619,0.4423076923076923,0.0890410958904109,8.90410958904109
202512301621,0.6565656565656566,0.0297029702970296,2.97029702970296
202512311540,0.4335664335664335,0.14757709251101309,14.757709251101309
202601061013,0.698,0.0626185958254268,6.261859582542679
202601061632,0.77,0.0676691729323308,6.76691729323308
202601071419,0.6234567901234568,0.0485436893203883,4.85436893203883
202601071601,0.4597523219814242,0.1328125,13.28125
202601071604,0.5588235294117647,0.0930232558139533,9.30232558139533
202601081439,0.5073260073260073,0.0848287112561173,8.48287112561173
202601090957,0.4688581314878892,0.0464480874316939,4.64480874316939
202601090958,0.4736842105263157,0.0324909747292416,3.24909747292416
202601091422,0.3826923076923076,0.09693877551020401,9.693877551020401
202601091449,0.5604395604395603,0.0680529300567106,6.805293005671061
202601131558,0.5714285714285714,0.0864745011086472,8.64745011086472
202601141624,0.5330578512396694,0.0727611940298506,7.27611940298506
202601151419,0.4568965517241379,0.0233644859813082,2.33644859813082
202601151516,0.5555555555555556,0.09108910891089089,9.108910891089089
202601160948,0.4506172839506173,0.0997830802603035,9.97830802603035
202601161555,0.4285714285714285,0.1681735985533452,16.81735985533452
202601161607,0.8,0.0711864406779659,7.118644067796589
202601201533,0.5484949832775919,0.0575539568345322,5.755395683453219
202601221031,0.4387755102040816,0.10037174721189569,10.037174721189569
202601221622,0.5707236842105263,0.1534653465346534,15.34653465346534
202601231437,0.6078125,0.0595611285266456,5.95611285266456
202601231616,0.5288461538461539,0.0598086124401912,5.9808612440191204
202601231630,0.6767241379310345,0.0516795865633074,5.16795865633074
202601231631,0.8861111111111112,0.043918918918918706,4.391891891891871
202601271536,0.6666666666666667,0.0488165680473372,4.88165680473372
202601291609,0.4705882352941176,0.07563025210084019,7.563025210084019
202601311414,0.6377708978328174,0.07168458781362,7.168458781362
202601311526,0.5,0.23157894736842088,23.15789473684209
202602041413,0.3431372549019608,0.09931506849315061,9.931506849315062
202603161028,0.6484375,0.0608272506082725,6.08272506082725
202603301430,0.4615384615384615,0.0666666666666666,6.66666666666666
202604171122,0.6354679802955665,0.07382550335570459,7.382550335570459
202604181434,0.587962962962963,0.0497076023391812,4.97076023391812
202604211006,0.5541958041958042,0.0617283950617282,6.17283950617282
202604211430,0.6649305555555556,0.0505836575875485,5.05836575875485
202604231424,0.5416666666666666,0.0825471698113206,8.25471698113206
202604241058,0.5,0.111111111111111,11.1111111111111
202604251424,0.5546875,0.0470085470085469,4.7008547008546895
202604291412,0.7666666666666666,0.08995815899581569,8.995815899581569
202604301109,0.5527272727272727,0.0473933649289097,4.73933649289097
202605081618,0.5631313131313131,0.1145833333333332,11.45833333333332
202605091021,0.55,0.1135902636916834,11.35902636916834
202605091507,0.5102040816326531,0.050279329608938494,5.02793296089385
202605091613,0.555921052631579,0.0804828973843057,8.048289738430569
202605111426,0.5052631578947369,0.065108514190317,6.510851419031701
202605111540,0.6615384615384616,0.1074380165289256,10.743801652892559
202605111553,0.5523809523809524,0.1730769230769229,17.307692307692292
202605121423,0.7592592592592593,0.100467289719626,10.0467289719626
202605121442,0.5763888888888888,0.129032258064516,12.903225806451598
202605131007,0.609375,0.0798122065727698,7.98122065727698
202605131426,0.8076923076923077,0.1027027027027026,10.27027027027026
202605131703,0.5464396284829721,0.12078651685393241,12.078651685393242
202605141023,0.465034965034965,0.107329842931937,10.732984293193699
202605151433,0.4736842105263157,0.1092436974789915,10.92436974789915
202605161415,0.4630541871921182,0.08984375,8.984375
202605161422,0.6274038461538461,0.0784313725490196,7.8431372549019605
202605181455,0.5367892976588629,0.056338028169013905,5.63380281690139
202605191433,0.4960474308300395,0.1615925058548008,16.15925058548008
202605191954,0.5804347826086957,0.0359477124183005,3.59477124183005
202605201004,0.4548494983277592,0.08238636363636351,8.23863636363635
202605201452,0.6503496503496503,0.056338028169014,5.6338028169014
202605201637,0.752,0.10353535353535351,10.353535353535351
202605211013,0.4423076923076923,0.09756097560975599,9.756097560975599
202605221039,0.6521739130434783,0.0504201680672267,5.042016806722669
202605221450,0.4916666666666667,0.1286764705882352,12.86764705882352
202605221530,0.391640866873065,0.045685279187817104,4.568527918781711
202605221536,0.625,0.0594594594594594,5.94594594594594
202605221545,0.5416666666666666,0.11742424242424221,11.742424242424221
202605231635,0.5729166666666666,0.1160493827160492,11.60493827160492
202605251447,0.5816993464052288,0.0612582781456952,6.1258278145695195
202605251607,0.382,0.0358565737051791,3.58565737051791
202605261430,0.8325123152709359,0.035830618892508,3.5830618892508
202605261606,0.415032679738562,0.0558823529411763,5.58823529411763
202605261634,0.51,0.057471264367815994,5.747126436781599
202605261957,0.8103448275862067,0.1125,11.25
202605261958,0.5625,0.0851063829787233,8.51063829787233
202605271051,0.5572755417956655,0.10625,10.625
202605271423,0.3596153846153846,0.09051724137931019,9.05172413793102
202605271445,0.55,0.0758196721311473,7.581967213114731
202605271539,0.4293478260869565,0.0833333333333333,8.33333333333333
202605271553,0.5408496732026143,0.0666666666666665,6.66666666666665
202605281637,0.5625,0.0851063829787233,8.51063829787233
202605281645,0.5366300366300366,0.1090534979423867,10.905349794238669
202605291006,0.3608058608058607,0.1560574948665297,15.60574948665297
202605291659,0.6875,0.0801687763713078,8.01687763713078
202606011955,0.5199275362318841,0.0821114369501465,8.21114369501465
202606011956,0.5625,0.060100166944908,6.0100166944908
202606041515,0.2781818181818182,0.1260273972602739,12.60273972602739
202606051733,0.4340277777777777,0.0820189274447949,8.20189274447949
202606061425,0.4772727272727273,0.0544464609800362,5.44464609800362
202606061640,0.5254545454545454,0.07547169811320739,7.547169811320739
202606081618,0.4765886287625418,0.1114285714285713,11.14285714285713
202606091426,0.546218487394958,0.0647482014388488,6.474820143884879
202606101015,0.3798701298701298,0.0518638573743921,5.18638573743921
202606101632,0.6151315789473684,0.0587371512481644,5.87371512481644
202606121419,0.4583333333333333,0.1196454948301328,11.96454948301328
202606131455,0.4705882352941176,0.0724907063197025,7.24907063197025
202606151954,0.3726851851851852,0.07730673316708211,7.730673316708211
202606161430,0.734375,0.0463320463320463,4.63320463320463
202606161543,0.5134615384615385,0.09560229445506671,9.560229445506671
202606171429,0.4545454545454545,0.0393162393162392,3.93162393162392
202606171620,0.6294642857142857,0.06783369803063449,6.783369803063449
202606181002,0.7807692307692308,0.0476947535771064,4.76947535771064
202606221624,0.4724025974025974,0.052083333333333204,5.208333333333321
202606231419,0.4523809523809524,0.0771929824561402,7.71929824561402
202606241623,0.5909090909090908,0.0825035561877665,8.25035561877665
202606251616,0.4722222222222222,0.0942622950819671,9.426229508196709
202606260938,0.7109375,0.0678233438485803,6.7823343848580295
202606271424,0.4732142857142857,0.12248322147650989,12.248322147650988
202606291609,0.5136054421768708,0.0427698574338084,4.27698574338084
202606301005,0.4556650246305418,0.0814814814814813,8.14814814814813
202606301410,0.5384615384615384,0.13348416289592752,13.348416289592752
202606301635,0.6979166666666667,0.029982363315696398,2.9982363315696396
202607011009,0.5228070175438597,0.0690978886756236,6.9097888675623595
202607011417,0.5909090909090909,0.0379746835443036,3.7974683544303596
202607011950,0.5886363636363636,0.053977272727272596,5.397727272727259
202607021616,0.5046296296296297,0.074135090609555,7.4135090609555006
202607031029,0.44375,0.0510344827586205,5.10344827586205
202607031621,0.7879256965944272,0.0787878787878786,7.87878787878786
202607061414,0.608359133126935,0.0417633410672853,4.17633410672853
202607061949,0.4710144927536231,0.0414673046251992,4.14673046251992
