subject,condition,accuracy,answer_rt_median,answer_rt_mean,confidence_mean,confidence_rt_median,auc,n_valid,n_confidence
202511171004,gravity,0.5142857142857142,1082.843,1142.5304485714285,3.5428571428571427,1016.676,0.5196078431372549,35,35
202511171004,zero_gravity,0.5277777777777778,1133.69,1295.1095333333335,3.25,907.8948,0.45665634674922595,36,36
202511171621,gravity,0.8888888888888888,1000.0818,1223.3395361111113,4.583333333333333,782.7490499999999,0.74609375,36,36
202511171621,zero_gravity,0.8611111111111112,1183.0135,1420.0119083333334,4.416666666666667,824.9060999999999,0.7548387096774194,36,36
202511181005,gravity,0.8857142857142857,683.5308,896.5247028571431,6.628571428571429,449.689,0.7217741935483871,35,35
202511181005,zero_gravity,0.6388888888888888,1083.221,1114.5348388888888,5.694444444444445,625.34105,0.7424749163879598,36,36
202511181030,gravity,0.6470588235294118,1366.586,1448.1171000000002,6.470588235294118,541.0968,0.6496212121212122,34,34
202511181030,zero_gravity,0.6571428571428571,999.0059,1185.5513999999998,6.571428571428571,483.104,0.6648550724637681,35,35
202511181442,gravity,0.9166666666666666,1433.411,1528.7954416666664,5.527777777777778,1183.298,0.5707070707070707,36,36
202511181442,zero_gravity,0.8333333333333334,1524.2215,1579.528675,5.294117647058823,1172.9575,0.5595238095238095,36,34
202511181445,gravity,0.7058823529411765,1133.218,1403.0197970588235,6.705882352941177,1066.4830000000002,0.7,34,34
202511181445,zero_gravity,0.8,1215.813,1435.4532514285718,6.771428571428571,1099.595,0.6964285714285714,35,35
202511181455,gravity,0.6857142857142857,1399.449,1402.4162714285715,6.6,715.2017,0.4734848484848485,35,35
202511181455,zero_gravity,0.4444444444444444,1040.681,1241.4606194444448,6.722222222222222,724.08325,0.35625,36,36
202511181644,gravity,0.6285714285714286,1866.948,1831.1871457142856,5.085714285714285,799.2944,0.6031468531468531,35,35
202511181644,zero_gravity,0.5555555555555556,1333.28,1394.9772944444446,4.916666666666667,1141.1844999999998,0.584375,36,36
202511181645,gravity,0.5,1083.7125,1162.7196647058825,7.0,941.1950999999999,,34,34
202511181645,zero_gravity,0.6285714285714286,1250.125,1376.9992457142857,7.0,632.7438999999999,,35,34
202511190941,gravity,0.8823529411764706,1166.4775,1396.724611764706,6.205882352941177,766.60185,0.6625000000000001,34,34
202511190941,zero_gravity,0.8333333333333334,1348.396,1458.8777388888889,5.25,733.38795,0.5833333333333333,36,36
202511191004,gravity,0.9117647058823529,1282.741,1430.0494647058822,3.8529411764705883,1182.9495000000002,0.8064516129032258,34,34
202511191004,zero_gravity,0.8888888888888888,1707.1480000000001,1696.837975,3.5555555555555554,1182.821,0.84765625,36,36
202511191614,gravity,0.7878787878787878,1683.168,1637.3581636363633,3.5757575757575757,782.5498,0.5027472527472527,33,33
202511191614,zero_gravity,0.6764705882352942,1683.2334999999998,1671.020438235294,3.588235294117647,724.2239,0.5652173913043479,34,34
202511191626,gravity,0.8611111111111112,1432.9769999999999,1575.6556944444444,5.885714285714286,1382.102,0.7966666666666667,36,35
202511191626,zero_gravity,0.8,1849.31,1764.8047428571429,5.2,1466.169,0.46683673469387754,35,35
202511201004,gravity,0.25,1297.761,1423.9376861111111,7.0,931.1302499999999,,36,36
202511201004,zero_gravity,0.7428571428571429,865.6523,904.7768199999999,7.0,517.1577,,35,33
202511201020,gravity,0.7777777777777778,1024.55495,1136.123808333333,6.861111111111111,599.98535,0.546875,36,36
202511201020,zero_gravity,0.75,1274.2640000000001,1362.600836111111,7.0,613.71045,,36,36
202511201417,gravity,0.6111111111111112,816.78125,868.3257611111111,5.888888888888889,591.6686,0.5568181818181818,36,36
202511201417,zero_gravity,0.6666666666666666,782.8119,837.0683555555556,6.833333333333333,765.8528,0.4375,36,36
202511201419,gravity,0.7941176470588235,982.8513,1261.8628852941176,6.352941176470588,882.29845,0.5317460317460317,34,34
202511201419,zero_gravity,0.5555555555555556,1232.5075,1332.3646722222222,5.527777777777778,841.3052,0.5906250000000001,36,36
202511201440,gravity,0.7878787878787878,1366.137,1529.625381818182,5.878787878787879,1383.22,0.7967032967032966,33,33
202511201440,zero_gravity,0.6666666666666666,1674.8865,1875.350211111111,5.222222222222222,1499.981,0.6770833333333334,36,36
202511201634,gravity,0.46875,1674.2135,1740.372215625,5.419354838709677,1383.077,0.5168067226890757,32,31
202511201634,zero_gravity,0.38235294117647056,1690.9555,1655.6263352941178,5.545454545454546,1466.659,0.47692307692307695,34,33
202511201635,gravity,0.9166666666666666,799.6029,783.250925,6.833333333333333,524.41605,0.6666666666666667,36,36
202511201635,zero_gravity,0.7714285714285715,850.2034,906.0710571428572,7.0,450.1648,,35,35
202511201640,gravity,0.6,1096.862,1298.1683714285714,7.0,432.7871,,35,35
202511201640,zero_gravity,0.6111111111111112,1141.1925,1162.5965777777778,7.0,366.2821,,36,36
202511210958,gravity,0.7941176470588235,1541.9085,1639.774961764706,5.517241379310345,1650.396,0.3208333333333333,34,29
202511210958,zero_gravity,0.7777777777777778,1657.882,1710.199536111111,4.65625,1824.31,0.6257142857142857,36,32
202511211007,gravity,0.5714285714285714,1066.363,1203.012765714286,4.942857142857143,983.2119,0.35333333333333333,35,35
202511211007,zero_gravity,0.45714285714285713,1166.023,1295.2960371428574,4.371428571428571,1032.165,0.44243421052631576,35,35
202511211421,gravity,0.5714285714285714,1116.282,1251.8060142857141,5.647058823529412,1183.3515000000002,0.42500000000000004,35,34
202511211421,zero_gravity,0.6111111111111112,1091.3685,1212.172086111111,6.0,782.7742000000001,0.44318181818181823,36,36
202511211426,gravity,0.5,1191.9665,1447.620605882353,6.90625,841.34535,0.4980392156862745,34,32
202511211426,zero_gravity,0.5454545454545454,1082.481,1323.324912121212,7.0,665.9167,,33,31
202511211610,gravity,0.6666666666666666,1250.104,1363.4464166666667,6.388888888888889,615.62415,0.6770833333333335,36,36
202511211610,zero_gravity,0.7777777777777778,1266.132,1360.7644166666666,6.083333333333333,832.4529,0.7879464285714286,36,36
202511211621,gravity,0.8571428571428571,1516.704,1495.432777142857,5.6,900.0098,0.5833333333333333,35,35
202511211621,zero_gravity,0.6857142857142857,1130.23,1263.2220457142855,5.085714285714285,999.3267,0.7708333333333334,35,35
202511241029,gravity,0.59375,1490.9625,1631.312740625,6.0,591.36695,,32,32
202511241029,zero_gravity,0.6,1166.681,1204.5557857142858,6.0,416.2861,,35,35
202511241622,gravity,0.6,1216.472,1346.3319771428573,6.9714285714285715,399.3777,0.47619047619047616,35,35
202511241622,zero_gravity,0.7777777777777778,1015.9265,1103.4454138888889,6.805555555555555,383.1631,0.546875,36,36
202511241649,gravity,0.4857142857142857,1332.73,1476.3132485714284,6.942857142857143,432.8501,0.49836601307189543,35,35
202511241649,zero_gravity,0.6388888888888888,1107.9724999999999,1174.9878555555556,7.0,383.33595,,36,36
202511250951,gravity,0.8888888888888888,858.05245,932.7174638888888,5.972222222222222,699.4630500000001,0.484375,36,36
202511250951,zero_gravity,0.8,783.3315,906.7434999999999,5.942857142857143,331.8984,0.6428571428571428,35,35
202511250957,gravity,0.8888888888888888,1008.2608499999999,1029.3308972222223,4.942857142857143,1066.161,0.6088709677419355,36,35
202511250957,zero_gravity,0.6944444444444444,1066.348,1255.1160166666666,4.861111111111111,1132.8539999999998,0.6618181818181819,36,36
202511251431,gravity,0.8709677419354839,1632.742,1650.2444322580648,6.366666666666666,1182.6185,0.5802469135802469,31,30
202511251431,zero_gravity,0.5454545454545454,1816.198,1895.7738181818181,5.21875,1574.6689999999999,0.6176470588235294,33,32
202511251439,gravity,0.6111111111111112,649.38795,756.27315,6.0,583.6275499999999,,36,36
202511251439,zero_gravity,0.5277777777777778,941.9911999999999,939.0683388888889,6.0,574.13195,,36,36
202511251659,gravity,0.5882352941176471,1474.496,1577.6875852941175,3.911764705882353,849.4445499999999,0.5125,34,34
202511251659,zero_gravity,0.5555555555555556,1274.4850000000001,1299.9309,3.888888888888889,724.10275,0.50625,36,36
202511260959,gravity,0.4,1084.03,1200.5528742857143,5.0588235294117645,947.99305,0.5892857142857143,35,34
202511260959,zero_gravity,0.3611111111111111,1007.86985,1094.1919583333333,3.888888888888889,732.41025,0.4180602006688964,36,36
202511261442,gravity,0.6666666666666666,816.6325999999999,1065.0176722222225,4.857142857142857,849.334,0.4583333333333333,36,35
202511261442,zero_gravity,0.5,882.87855,1013.8054638888888,5.0,500.0397,,36,36
202511261447,gravity,0.6176470588235294,1382.92,1518.238632352941,6.029411764705882,831.7473,0.46153846153846156,34,34
202511261447,zero_gravity,0.7142857142857143,1266.347,1448.2913657142858,6.0,499.9375,,35,35
202511261624,gravity,0.6666666666666666,1008.2267999999999,1038.0676222222223,4.527777777777778,851.5355999999999,0.5208333333333333,36,36
202511261624,zero_gravity,0.4444444444444444,916.2373,949.6029638888888,4.5,599.59535,0.55625,36,36
202511261626,gravity,0.8611111111111112,840.61085,955.503475,6.222222222222222,466.19545,0.8161290322580645,36,36
202511261626,zero_gravity,0.8888888888888888,816.3003,908.7591333333334,6.055555555555555,516.00905,0.515625,36,36
202511261627,gravity,0.7222222222222222,1158.8385,1152.2247472222223,2.888888888888889,849.6187,0.5499999999999999,36,36
202511261627,zero_gravity,0.3611111111111111,958.3136,1081.632238888889,2.0277777777777777,565.7908,0.5785953177257525,36,36
202511271030,gravity,0.5555555555555556,1141.1565,1344.0859472222223,5.805555555555555,1124.614,0.6625,36,36
202511271030,zero_gravity,0.7428571428571429,1183.07,1322.8771914285717,5.6571428571428575,1131.631,0.5683760683760684,35,35
202511271033,gravity,0.5142857142857142,932.6118,1024.8775342857143,6.514285714285714,600.8691,0.6176470588235294,35,35
202511271033,zero_gravity,0.5,1149.4335,1192.7011470588236,6.029411764705882,816.3723,0.6280276816608997,34,34
202511271431,gravity,0.42857142857142855,1216.495,1333.327097142857,5.6571428571428575,666.7751,0.44999999999999996,35,35
202511271431,zero_gravity,0.5833333333333334,1158.1585,1229.5461416666667,5.666666666666667,623.979,0.47777777777777775,36,36
202511271434,gravity,0.7222222222222222,1141.7335,1273.6042166666668,5.888888888888889,582.8486499999999,0.48653846153846153,36,36
202511271434,zero_gravity,0.6944444444444444,1149.6595000000002,1304.2457194444441,5.861111111111111,574.2126499999999,0.4636363636363637,36,36
202511271638,gravity,0.7222222222222222,940.7296,1009.4454888888888,4.0,716.4337,0.5,36,35
202511271638,zero_gravity,0.6666666666666666,891.4907499999999,943.2107944444446,3.9444444444444446,707.8241,0.4791666666666667,36,36
202511281023,gravity,0.5,808.25085,782.1615583333335,6.828571428571428,399.3789,0.47058823529411764,36,35
202511281023,zero_gravity,0.4166666666666667,649.9159,717.0702388888889,7.0,374.62355,,36,36
202511281031,gravity,0.4857142857142857,1265.328,1453.3432828571429,6.176470588235294,566.7891,0.47916666666666674,35,34
202511281031,zero_gravity,0.5882352941176471,1806.921,1853.4660294117648,5.382352941176471,741.2616,0.5803571428571428,34,34
202511281419,gravity,0.6111111111111112,774.7515000000001,768.9017333333335,6.666666666666667,474.06065,0.45454545454545453,36,36
202511281419,zero_gravity,0.6111111111111112,766.2319500000001,769.538863888889,7.0,467.04774999999995,,36,36
202511281437,gravity,0.8888888888888888,1091.6425,1122.2988166666664,6.222222222222222,965.0901,0.59375,36,36
202511281437,zero_gravity,0.37142857142857144,899.5151,1008.5691285714285,5.628571428571429,983.624,0.6346153846153846,35,35
202511281438,gravity,0.6857142857142857,1783.105,1845.5883142857142,5.885714285714286,650.0037,0.4791666666666667,35,35
202511281438,zero_gravity,0.5833333333333334,1333.5504999999998,1483.699427777778,5.714285714285714,1049.247,0.5083333333333333,36,35
202511281621,gravity,0.7941176470588235,866.4575,992.8940647058822,3.176470588235294,541.41345,0.39947089947089953,34,34
202511281621,zero_gravity,0.8333333333333334,866.22875,938.8717222222224,3.361111111111111,516.0151000000001,0.5083333333333333,36,36
202511281630,gravity,0.9117647058823529,999.7872500000001,1208.9025647058825,5.9411764705882355,357.68600000000004,0.46774193548387094,34,34
202511281630,zero_gravity,0.6111111111111112,1008.56,1026.4227666666668,5.972222222222222,333.11974999999995,0.5357142857142857,36,36
202511281636,gravity,0.6111111111111112,898.7656,947.2353277777776,5.944444444444445,482.98875,0.4090909090909091,36,36
202511281636,zero_gravity,0.5428571428571428,999.0505,1171.2921485714285,5.857142857142857,614.9646,0.5164473684210527,35,35
202512011436,gravity,0.5277777777777778,1025.1745,1094.036786111111,4.666666666666667,966.4165,0.456656346749226,36,36
202512011436,zero_gravity,0.75,1208.2109999999998,1255.530661111111,4.685714285714286,1149.682,0.43803418803418803,36,35
202512011444,gravity,0.5714285714285714,1333.219,1424.476374285714,6.457142857142857,583.4409,0.64,35,35
202512011444,zero_gravity,0.6,1617.49,1661.64502,5.676470588235294,682.79845,0.6714285714285714,35,34
202512011629,gravity,0.5714285714285714,1332.854,1453.5981457142855,2.057142857142857,550.1177,0.55,35,35
202512011629,zero_gravity,0.6111111111111112,833.6349,1064.9312277777778,2.0,458.01415,,36,36
202512021035,gravity,0.9142857142857143,999.5437,1281.8318285714286,6.6571428571428575,299.8752,0.9479166666666667,35,35
202512021035,zero_gravity,0.8333333333333334,949.6853,1169.8525555555557,6.583333333333333,266.45349999999996,0.7388888888888889,36,36
202512021459,gravity,0.7714285714285715,1099.04,1261.1384742857142,6.0,1133.094,0.30787037037037035,35,35
202512021459,zero_gravity,0.7777777777777778,1182.9615,1332.3859888888887,6.388888888888889,1149.3654999999999,0.5401785714285714,36,36
202512021644,gravity,0.68,1766.346,1835.809068,5.56,765.8174,0.5,25,25
202512021644,zero_gravity,0.5277777777777778,1323.8745,1435.5804166666667,5.222222222222222,499.87455,0.49380804953560364,36,36
202512021645,gravity,0.8,1382.554,1352.4432799999997,7.0,416.0107,,35,35
202512021645,zero_gravity,0.6111111111111112,1199.426,1260.1777722222223,7.0,316.49265,,36,36
202512030944,gravity,0.4444444444444444,766.7719500000001,853.2994416666667,7.0,541.4455499999999,,36,36
202512030944,zero_gravity,0.5555555555555556,866.3449499999999,914.4264416666667,7.0,574.72045,,36,36
202512031019,gravity,0.4444444444444444,899.6339,915.3766777777778,5.861111111111111,591.02785,0.46875,36,36
202512031019,zero_gravity,0.6111111111111112,857.94535,869.4588527777778,5.861111111111111,557.3534,0.4772727272727273,36,36
202512031140,gravity,0.5555555555555556,766.2056,736.5069583333333,4.5,382.82115,0.55625,36,36
202512031140,zero_gravity,0.5833333333333334,774.86985,819.4704666666667,4.555555555555555,382.98900000000003,0.519047619047619,36,36
202512031412,gravity,0.6111111111111112,1474.608,1397.3490583333335,5.833333333333333,1333.1515,0.4107142857142857,36,36
202512031412,zero_gravity,0.7777777777777778,1425.2044999999998,1526.4190861111108,5.666666666666667,1307.7845000000002,0.7254464285714286,36,36
202512031441,gravity,0.6857142857142857,883.5103,1059.6840771428574,2.914285714285714,599.2087,0.4375,35,35
202512031441,zero_gravity,0.5277777777777778,949.6140499999999,1011.1491666666667,3.0,482.8096,,36,36
202512031606,gravity,0.8823529411764706,1399.5925,1538.8362794117647,6.303030303030303,666.3469,0.6896551724137931,34,33
202512031606,zero_gravity,0.7647058823529411,1499.8305,1580.9023441176469,6.205882352941177,482.18625,0.6009615384615384,34,34
202512041403,gravity,0.5833333333333334,1308.3035,1428.0433166666667,7.0,658.01665,,36,36
202512041403,zero_gravity,0.5428571428571428,1449.278,1426.7469857142855,7.0,400.1931,,35,35
202512041624,gravity,0.6857142857142857,1166.227,1251.9404257142858,6.9714285714285715,583.0464,0.5454545454545454,35,35
202512041624,zero_gravity,0.6944444444444444,1073.1585,1225.8432583333333,6.944444444444445,649.4654499999999,0.5909090909090908,36,36
202512041627,gravity,0.6,1049.729,1213.8918285714287,6.828571428571428,666.4126,0.47619047619047616,35,35
202512041627,zero_gravity,0.45714285714285713,1132.952,1226.7066085714287,6.771428571428571,616.667,0.4375,35,35
202512051006,gravity,0.7272727272727273,966.3799,1118.8384151515154,4.242424242424242,382.4802,0.44212962962962965,33,33
202512051006,zero_gravity,0.6571428571428571,1331.801,1432.8720085714285,2.8857142857142857,500.0601,0.4528985507246377,35,35
202512051012,gravity,0.7428571428571429,933.1628,1041.6445085714286,6.285714285714286,682.8687,0.5555555555555557,35,35
202512051012,zero_gravity,0.75,883.1193499999999,936.4852444444446,5.916666666666667,407.70315000000005,0.4053497942386831,36,36
202512051458,gravity,0.7777777777777778,1016.023,1177.9896416666668,6.0,415.6986,,36,36
202512051458,zero_gravity,0.5277777777777778,809.1610000000001,872.3087722222223,6.083333333333333,416.60485,0.5789473684210527,36,36
202512051625,gravity,0.6857142857142857,999.1362,1126.335785714286,5.457142857142857,633.208,0.518939393939394,35,35
202512051625,zero_gravity,0.6666666666666666,1024.4645,1081.094075,5.833333333333333,732.2688,0.6649305555555556,36,36
202512081052,gravity,0.4166666666666667,1241.472,1304.6956861111114,6.638888888888889,491.5845,0.5317460317460317,36,36
202512081052,zero_gravity,0.6363636363636364,1583.413,1751.104,6.484848484848484,533.6265,0.3333333333333333,33,33
202512081420,gravity,0.6470588235294118,1024.5375,1134.7655235294117,6.9411764705882355,882.86755,0.4772727272727273,34,34
202512081420,zero_gravity,0.6111111111111112,966.5144,1049.4019805555554,6.888888888888889,783.67505,0.4772727272727273,36,36
202512081422,gravity,0.8529411764705882,1050.0645,1197.2806735294118,6.705882352941177,841.27365,0.7724137931034483,34,34
202512081422,zero_gravity,0.8529411764705882,1350.1585,1454.1293529411762,7.0,741.62795,,34,34
202512081618,gravity,0.8285714285714286,1049.661,1077.7680085714283,7.0,458.1711,,35,34
202512081618,zero_gravity,0.8055555555555556,1058.3245000000002,1177.3144000000002,7.0,507.22465,,36,36
202512081629,gravity,0.6571428571428571,865.9707,1171.473477142857,6.571428571428571,599.7651,0.5489130434782609,35,35
202512081629,zero_gravity,0.4857142857142857,816.8828,1017.400882857143,6.685714285714286,715.9832,0.4117647058823529,35,35
202512081637,gravity,0.5833333333333334,948.88355,1001.2602083333334,4.0,757.9038,0.6015873015873016,36,36
202512081637,zero_gravity,0.4722222222222222,858.49965,986.223225,4.0,699.5171,0.5,36,36
202512090949,gravity,0.8,1265.196,1427.5635314285717,6.114285714285714,1250.064,0.6173469387755102,35,35
202512090949,zero_gravity,0.8285714285714286,1818.546,1834.3589714285713,5.4,1447.887,0.5287356321839081,35,35
202512091002,gravity,0.5294117647058824,1008.1246000000001,1194.5256352941176,6.647058823529412,540.8453,0.5625,34,34
202512091002,zero_gravity,0.5555555555555556,1056.9945,1192.6379722222223,7.0,416.41195000000005,,36,36
202512091017,gravity,0.7222222222222222,882.8525500000001,1051.3229944444442,6.861111111111111,366.63779999999997,0.4807692307692308,36,36
202512091017,zero_gravity,0.8611111111111112,816.5009500000001,957.1022027777778,6.833333333333333,482.04065,0.43548387096774194,36,36
202512091426,gravity,0.6470588235294118,1440.9995,1499.4437735294116,6.0,1441.4415,0.7922077922077922,34,32
202512091426,zero_gravity,0.6,1215.037,1296.2356057142858,5.764705882352941,1491.3115,0.4178571428571428,35,34
202512091427,gravity,0.9117647058823529,1149.08,1293.652894117647,5.323529411764706,716.29175,0.6182795698924731,34,34
202512091427,zero_gravity,0.6111111111111112,1149.4205000000002,1195.8481916666667,5.444444444444445,524.4895,0.5227272727272727,36,36
202512091615,gravity,0.8823529411764706,1224.4805000000001,1392.105273529412,7.0,633.76855,,34,34
202512091615,zero_gravity,0.8235294117647058,1149.3114999999998,1330.3761705882355,7.0,665.8611,,34,34
202512091621,gravity,0.8333333333333334,1233.1705,1309.5391666666665,5.027777777777778,1175.1354999999999,0.6138888888888889,36,36
202512091621,zero_gravity,0.6388888888888888,1065.1655,1219.2989305555557,4.833333333333333,1267.016,0.6204013377926421,36,36
202512091629,gravity,0.8571428571428571,1099.543,1219.7160999999999,6.828571428571428,798.5894,0.6666666666666667,35,35
202512091629,zero_gravity,0.7428571428571429,1083.014,1189.1666342857145,6.147058823529412,1349.6115,0.648888888888889,35,34
202512100952,gravity,0.7714285714285715,948.0422,1053.4466714285713,7.0,334.5791,,35,35
202512100952,zero_gravity,0.7714285714285715,916.7183,986.2964457142857,6.9714285714285715,317.2715,0.48148148148148145,35,35
202512101006,gravity,0.6,833.9883,998.6006485714286,7.0,1066.207,,35,35
202512101006,zero_gravity,0.5833333333333334,757.09255,790.2372888888889,6.666666666666667,941.3711000000001,0.4523809523809524,36,36
202512101010,gravity,0.8611111111111112,1191.52,1424.65865,6.027777777777778,924.418,0.45483870967741935,36,36
202512101010,zero_gravity,0.6176470588235294,1074.5555,1111.7011205882352,4.878787878787879,1233.086,0.4,34,33
202512101424,gravity,0.6451612903225806,1899.377,1931.217451612903,6.419354838709677,964.9619,0.425,31,31
202512101424,zero_gravity,0.8235294117647058,1524.551,1669.5928529411767,5.588235294117647,533.17455,0.4583333333333333,34,34
202512101439,gravity,0.8888888888888888,958.2279,1117.7255305555557,4.0,448.8264,0.42578125,36,36
202512101439,zero_gravity,0.8,1082.428,1102.0653714285716,3.914285714285714,499.2085,0.3979591836734694,35,35
202512101615,gravity,0.8611111111111112,707.816,866.7891500000001,6.0285714285714285,833.2808,0.8333333333333333,36,35
202512101615,zero_gravity,0.8333333333333334,924.2688,975.1120777777778,6.888888888888889,866.0211,0.5333333333333333,36,36
202512101635,gravity,0.8888888888888888,799.9328499999999,1031.0675416666668,6.027777777777778,582.40875,0.81640625,36,36
202512101635,zero_gravity,0.7222222222222222,1091.147,1242.9063916666667,5.055555555555555,740.7094999999999,0.7134615384615385,36,36
202512111013,gravity,0.9166666666666666,1074.402,1203.7202277777776,4.361111111111111,499.7727,0.33333333333333337,36,36
202512111013,zero_gravity,0.8055555555555556,1116.7350000000001,1226.3890666666666,4.083333333333333,507.54139999999995,0.5517241379310345,36,36
202512111440,gravity,0.6571428571428571,1297.991,1394.640817142857,6.542857142857143,1046.479,0.5905797101449276,35,35
202512111440,zero_gravity,0.6470588235294118,1532.627,1704.3940058823528,5.529411764705882,1122.9625,0.5227272727272727,34,34
202512111443,gravity,0.9142857142857143,1133.085,1211.1338285714285,4.771428571428571,1083.136,0.7447916666666667,35,35
202512111443,zero_gravity,0.7142857142857143,1183.725,1399.531774285714,4.428571428571429,1248.322,0.664,35,35
202512111615,gravity,0.7741935483870968,1566.737,1605.8393774193548,5.133333333333334,1473.9425,0.5416666666666667,31,30
202512111615,zero_gravity,0.5294117647058824,1298.694,1468.8386647058824,4.6875,1574.0935,0.33928571428571425,34,32
202512111620,gravity,0.5277777777777778,974.97475,1083.372480555555,6.361111111111111,749.3326500000001,0.49535603715170284,36,36
202512111620,zero_gravity,0.5833333333333334,916.44595,1009.1924861111111,6.314285714285714,1183.839,0.57,36,35
202512121004,gravity,0.9142857142857143,1050.12,1102.4132257142858,6.828571428571428,582.4331,0.6666666666666667,35,35
202512121004,zero_gravity,0.6388888888888888,1274.7785,1291.4159444444442,6.916666666666667,582.24545,0.5183946488294314,36,36
202512121440,gravity,0.6666666666666666,1265.198,1343.8834484848485,4.96969696969697,983.2717,0.5,33,33
202512121440,zero_gravity,0.4857142857142857,1480.729,1512.0780057142856,4.857142857142857,1065.118,0.5,35,35
202512121624,gravity,0.38235294117647056,1349.4225000000001,1435.339361764706,4.0,866.6640500000001,,34,34
202512121624,zero_gravity,0.5277777777777778,1090.8825,1312.062761111111,4.0,866.6953,,36,35
202512151424,gravity,0.8055555555555556,1065.7225,1220.6005694444443,6.972222222222222,896.7134,0.4827586206896552,36,36
202512151424,zero_gravity,0.7058823529411765,1524.0265,1506.7929588235293,6.46875,1374.023,0.5181818181818182,34,32
202512151429,gravity,0.9166666666666666,1099.4975,1223.5786055555557,6.833333333333333,725.67115,0.6666666666666667,36,36
202512151429,zero_gravity,0.7058823529411765,1116.2060000000001,1233.9862705882351,6.911764705882353,499.34525,0.5270833333333333,34,34
202512151449,gravity,0.7647058823529411,1491.6925,1620.51115,4.181818181818182,1065.649,0.5576923076923077,34,33
202512151449,zero_gravity,0.7714285714285715,1482.047,1646.7058571428572,3.8285714285714287,984.0308,0.5416666666666666,35,35
202512151627,gravity,0.9166666666666666,1316.159,1273.7573333333337,5.647058823529412,1199.275,0.7204301075268817,36,34
202512151627,zero_gravity,0.7222222222222222,1099.5985,1186.9696361111112,5.416666666666667,715.66415,0.7250000000000001,36,36
202512160951,gravity,0.5277777777777778,1392.1354999999999,1504.2972166666666,5.472222222222222,1191.5,0.5479876160990712,36,36
202512160951,zero_gravity,0.7714285714285715,1149.601,1226.8123399999997,6.085714285714285,1332.838,0.6319444444444444,35,35
202512161427,gravity,0.8571428571428571,949.2568,1124.7567857142858,6.0285714285714285,515.5132,0.8666666666666667,35,35
202512161427,zero_gravity,0.8333333333333334,965.9116,1118.0639638888888,6.305555555555555,365.82174999999995,0.8194444444444444,36,36
202512161429,gravity,0.37142857142857144,1148.48,1242.029345714286,6.057142857142857,1116.724,0.534965034965035,35,35
202512161429,zero_gravity,0.4444444444444444,1183.2265,1276.1398722222225,6.027777777777778,1066.057,0.6109374999999999,36,36
202512161433,gravity,0.4722222222222222,1008.6279999999999,1083.336488888889,6.083333333333333,1049.8429999999998,0.5882352941176471,36,36
202512161433,zero_gravity,0.4117647058823529,1099.2785,1147.0071676470588,6.0,1032.2095,,34,34
202512161620,gravity,0.6,1233.281,1364.3217828571428,4.285714285714286,1031.524,0.4421768707482993,35,35
202512161620,zero_gravity,0.6666666666666666,915.6023,988.821286111111,4.694444444444445,575.4570000000001,0.5399305555555556,36,36
202512171000,gravity,0.8333333333333334,758.1940500000001,838.4890333333334,5.75,357.7425,0.55,36,36
202512171000,zero_gravity,0.75,798.8259,918.8758138888887,6.0,399.95230000000004,0.3765432098765432,36,36
202512171004,gravity,0.8333333333333334,748.95875,884.3084416666666,4.916666666666667,857.56715,0.9666666666666668,36,36
202512171004,zero_gravity,0.7714285714285715,849.4829,881.1490514285714,4.571428571428571,749.6104,0.5555555555555556,35,35
202512171013,gravity,0.8857142857142857,817.2947,1089.7096885714284,6.714285714285714,333.3032,0.717741935483871,35,35
202512171013,zero_gravity,0.8611111111111112,791.62235,916.2751638888889,6.805555555555555,332.92655,0.5870967741935484,36,36
202512171417,gravity,0.7777777777777778,657.79665,850.6422416666667,6.666666666666667,408.0724,0.5401785714285714,36,36
202512171417,zero_gravity,0.6857142857142857,783.2229,968.8589085714284,6.514285714285714,315.9351,0.6969696969696969,35,35
202512171421,gravity,0.3611111111111111,674.72,698.6547222222223,6.944444444444445,524.8126,0.5434782608695652,36,36
202512171421,zero_gravity,0.4722222222222222,758.0382999999999,793.6908416666668,6.777777777777778,599.9259999999999,0.5433436532507739,36,36
202512171627,gravity,0.5833333333333334,866.1195,1036.5864777777779,7.0,399.35900000000004,,36,36
202512171627,zero_gravity,0.42857142857142855,716.2898,883.7406428571429,7.0,350.0925,,35,35
202512180957,gravity,0.75,1215.9805000000001,1372.6392333333333,5.294117647058823,1399.521,0.5504807692307692,36,34
202512180957,zero_gravity,0.6363636363636364,1331.391,1389.139506060606,4.878787878787879,1464.854,0.5535714285714286,33,33
202512181416,gravity,0.75,1465.7275,1482.1896166666663,6.805555555555555,1099.5785,0.6666666666666667,36,36
202512181416,zero_gravity,0.8055555555555556,1107.5525,1313.0507166666666,6.888888888888889,1116.9075,0.5541871921182266,36,36
202512181429,gravity,0.7878787878787878,1149.146,1322.488,5.818181818181818,632.9556,0.456043956043956,33,33
202512181429,zero_gravity,0.6111111111111112,1374.771,1383.5070305555555,4.9714285714285715,698.7275,0.6188811188811189,36,35
202512181505,gravity,0.5,833.04025,916.8246833333334,7.0,416.97180000000003,,36,36
202512181505,zero_gravity,0.5,857.92935,901.3269722222223,6.833333333333333,366.6372,0.4722222222222222,36,36
202512191005,gravity,0.8611111111111112,632.74645,756.8582305555555,6.222222222222222,366.13305,0.7129032258064516,36,36
202512191005,zero_gravity,0.8888888888888888,641.9557,881.9242250000001,6.055555555555555,331.88509999999997,0.5859375,36,36
202512191420,gravity,0.8857142857142857,999.522,1151.158757142857,5.085714285714285,1016.432,0.935483870967742,35,35
202512191420,zero_gravity,0.8333333333333334,1057.894,1176.2385138888887,4.685714285714286,499.6572,0.6266666666666667,36,35
202512191437,gravity,0.8857142857142857,1116.849,1328.7898514285712,5.117647058823529,1083.25945,0.7916666666666667,35,34
202512191437,zero_gravity,0.8333333333333334,1198.7465,1348.5669555555555,5.25,1158.0175,0.6388888888888888,36,36
202512191555,gravity,0.7777777777777778,1349.1535,1419.0264249999998,5.617647058823529,1157.4675000000002,0.5396825396825397,36,34
202512191555,zero_gravity,0.7714285714285715,1299.531,1350.3302857142858,5.371428571428571,1466.154,0.6851851851851851,35,35
202512221005,gravity,0.7714285714285715,1499.501,1551.42766,3.5428571428571427,916.5366,0.7337962962962964,35,35
202512221005,zero_gravity,0.8055555555555556,1441.1599999999999,1498.6573305555553,3.6944444444444446,891.2611999999999,0.4285714285714286,36,36
202512221010,gravity,0.5294117647058824,1257.9225,1359.1130029411765,4.970588235294118,523.57275,0.53125,34,34
202512221010,zero_gravity,0.45454545454545453,1316.461,1319.6102515151515,5.0,382.7471,,33,33
202512221011,gravity,0.7352941176470589,1466.1860000000001,1542.482688235294,6.617647058823529,665.90895,0.5911111111111111,34,34
202512221011,zero_gravity,0.7714285714285715,1449.582,1520.6066942857144,6.470588235294118,1149.5405,0.5721153846153846,35,34
202512221421,gravity,0.6764705882352942,1124.3005,1260.1959499999998,5.363636363636363,1083.229,0.396694214876033,34,33
202512221421,zero_gravity,0.7142857142857143,1583.676,1506.8628628571428,4.514285714285714,1266.047,0.7280000000000001,35,35
202512221617,gravity,0.7714285714285715,1116.272,1246.720497142857,4.6571428571428575,865.8071,0.47685185185185186,35,35
202512221617,zero_gravity,0.6,1200.157,1141.9365200000002,4.485714285714286,917.051,0.6224489795918368,35,35
202512221633,gravity,0.8888888888888888,848.3323,923.515425,4.314285714285714,1432.442,0.6733870967741935,36,35
202512221633,zero_gravity,0.8055555555555556,840.2873500000001,837.4266638888889,4.722222222222222,1490.8980000000001,0.7339901477832512,36,36
202512231002,gravity,0.9166666666666666,957.2685,1128.4344333333333,6.833333333333333,324.2319,0.6666666666666667,36,36
202512231002,zero_gravity,0.8333333333333334,799.5072,949.7658055555556,6.666666666666667,299.47935,0.6666666666666667,36,36
202512231014,gravity,0.8571428571428571,1181.693,1330.2311799999998,6.771428571428571,1016.484,0.54,35,35
202512231014,zero_gravity,0.8484848484848485,1066.386,1239.40243030303,6.515151515151516,1099.599,0.7535714285714286,33,33
202512231610,gravity,0.6285714285714286,1497.778,1600.2586371428572,4.705882352941177,1350.493,0.375,35,34
202512231610,zero_gravity,0.5833333333333334,1156.727,1219.0148944444445,4.222222222222222,1190.412,0.5634920634920635,36,36
202512231626,gravity,0.5277777777777778,1108.248,1369.4935166666664,5.055555555555555,632.6487,0.6238390092879256,36,36
202512231626,zero_gravity,0.3888888888888889,791.3232499999999,1157.486336111111,5.388888888888889,658.3882,0.6493506493506493,36,36
202512241001,gravity,0.5277777777777778,932.9498,1036.8401666666666,6.722222222222222,825.1685,0.43962848297213625,36,36
202512241001,zero_gravity,0.4722222222222222,917.28895,1211.1201749999998,6.388888888888889,832.27625,0.39009287925696595,36,36
202512241020,gravity,0.6571428571428571,733.1636,992.9650114285714,5.885714285714286,566.3813,0.7155797101449275,35,35
202512241020,zero_gravity,0.6388888888888888,750.1455000000001,890.8545916666667,5.694444444444445,466.76075000000003,0.5016722408026756,36,36
202512241031,gravity,0.5,866.50595,997.8973735294118,2.0606060606060606,1283.042,0.41360294117647056,34,33
202512241031,zero_gravity,0.6,999.6655,1122.748617142857,1.9428571428571428,1249.193,0.4523809523809524,35,35
202512241428,gravity,0.8823529411764706,1016.552,1198.9562470588235,6.0588235294117645,958.0791,0.7416666666666667,34,34
202512241428,zero_gravity,0.7777777777777778,1049.6565,1165.2224888888888,6.166666666666667,891.646,0.6495535714285714,36,36
202512241442,gravity,0.75,1507.089,1670.1730625,7.0,1166.7605,,32,32
202512241442,zero_gravity,0.6285714285714286,1334.223,1443.850457142857,7.0,1166.273,,35,35
202512241627,gravity,0.7575757575757576,1233.087,1356.5923121212122,4.484848484848484,1099.575,0.45999999999999996,33,33
202512241627,zero_gravity,0.5555555555555556,1524.6419999999998,1620.1224194444446,4.916666666666667,1041.4920000000002,0.584375,36,36
202512241647,gravity,0.48484848484848486,899.7227,1212.224687878788,7.0,782.1091,,33,33
202512241647,zero_gravity,0.4722222222222222,832.7616,857.2342944444443,7.0,491.18555000000003,,36,36
202512250951,gravity,0.6,982.3887,1084.9031114285715,2.4857142857142858,1149.503,0.5085034013605442,35,35
202512250951,zero_gravity,0.6111111111111112,1041.8745,1278.2566055555558,2.388888888888889,1025.5365,0.5909090909090909,36,36
202512250959,gravity,0.7142857142857143,832.8601,903.5371485714286,2.3714285714285714,614.9092,0.794,35,35
202512250959,zero_gravity,0.42857142857142855,883.7661,965.842982857143,2.142857142857143,565.3345,0.365,35,35
202512251432,gravity,0.8235294117647058,1541.6100000000001,1659.845167647059,4.5588235294117645,1366.799,0.8065476190476191,34,34
202512251432,zero_gravity,0.7777777777777778,1532.9015,1607.0332722222224,4.277777777777778,1441.0729999999999,0.6629464285714285,36,36
202512251615,gravity,0.6388888888888888,1066.267,1163.8644805555552,5.083333333333333,832.1123,0.568561872909699,36,36
202512251615,zero_gravity,0.45714285714285713,1414.399,1475.6129428571428,1.2,449.9814,0.42105263157894735,35,35
202512251624,gravity,0.4722222222222222,808.2961499999999,919.324536111111,6.944444444444445,815.8091999999999,0.4411764705882353,36,36
202512251624,zero_gravity,0.5,799.90915,858.1928166666664,6.944444444444445,824.68165,0.5277777777777778,36,36
202512260959,gravity,0.6571428571428571,1350.062,1370.0423885714285,5.914285714285715,1165.667,0.42391304347826086,35,35
202512260959,zero_gravity,0.5,1423.6860000000001,1455.787339722222,5.542857142857143,1515.637,0.573529411764706,36,35
202512261002,gravity,0.8787878787878788,1133.393,1333.1588363636363,7.0,1033.519,,33,33
202512261002,zero_gravity,0.8333333333333334,1007.8849,1215.797213888889,7.0,1007.8785,,36,36
202512261030,gravity,0.7428571428571429,700.6316,774.1948657142856,6.0,548.0571,0.46153846153846156,35,35
202512261030,zero_gravity,0.75,665.9681,749.3408166666668,5.5,416.4841,0.7386831275720165,36,36
202512261422,gravity,0.8611111111111112,991.04435,1100.4438388888889,4.444444444444445,499.92825,0.8032258064516129,36,36
202512261422,zero_gravity,0.7428571428571429,1183.083,1294.1802771428572,4.114285714285714,633.105,0.7905982905982907,35,35
202512261436,gravity,0.75,1365.5349999999999,1442.6893833333334,6.571428571428571,649.9287,0.4786324786324787,36,35
202512261436,zero_gravity,0.6,1483.118,1569.5988342857142,6.314285714285714,466.6187,0.5459183673469388,35,35
202512261555,gravity,0.5833333333333334,983.10585,1089.3235527777774,7.0,1124.812,,36,36
202512261555,zero_gravity,0.5428571428571428,1015.366,1116.1748285714286,7.0,1032.71,,35,35
202512261625,gravity,0.5142857142857142,1266.88,1335.8428,4.628571428571429,899.1455,0.5915032679738562,35,35
202512261625,zero_gravity,0.5555555555555556,1507.432,1601.5917722222223,3.5277777777777777,1149.46,0.5640625,36,36
202512291041,gravity,0.5,1399.6205,1388.6761333333332,6.333333333333333,1074.5175,0.6373456790123456,36,36
202512291041,zero_gravity,0.6388888888888888,1307.7545,1414.9572666666668,6.472222222222222,907.5059,0.6036789297658862,36,36
202512291431,gravity,0.7428571428571429,1050.673,1275.1704542857144,5.514285714285714,582.2559,0.8183760683760684,35,35
202512291431,zero_gravity,0.75,1216.2930000000001,1401.0535750000001,5.194444444444445,749.5602,0.5987654320987654,36,36
202512291432,gravity,0.8823529411764706,1090.5825,1294.4386088235294,5.4411764705882355,1172.7359999999999,0.7666666666666667,34,34
202512291432,zero_gravity,0.8857142857142857,1133.129,1431.9968742857143,5.485714285714286,1299.014,0.6008064516129032,35,35
202512291441,gravity,0.6388888888888888,858.16475,929.0776055555556,6.257142857142857,483.1733,0.4650349650349651,36,35
202512291441,zero_gravity,0.5555555555555556,833.7163499999999,946.5400027777778,5.75,449.44460000000004,0.6015625,36,36
202512291612,gravity,0.6666666666666666,1791.0635,1780.9278333333334,4.485714285714286,1265.47,0.4927536231884058,36,35
202512291612,zero_gravity,0.4857142857142857,1750.429,1819.8076571428574,4.571428571428571,1101.268,0.5245098039215685,35,35
202512300954,gravity,0.3939393939393939,1383.159,1590.1833090909095,6.515151515151516,299.0886,0.5673076923076923,33,33
202512300954,zero_gravity,0.5294117647058824,1616.152,1571.0531352941177,5.205882352941177,316.40285,0.5086805555555556,34,34
202512301037,gravity,0.46875,941.4765500000001,1142.271134375,7.0,1140.801,,32,32
202512301037,zero_gravity,0.6285714285714286,1316.291,1361.401142857143,7.0,649.4983,,35,35
202512301413,gravity,0.4722222222222222,1507.3465,1466.6745666666666,6.611111111111111,591.6621,0.46904024767801855,36,36
202512301413,zero_gravity,0.6,1131.907,1204.9934057142857,7.0,450.2798,,35,35
202512301420,gravity,0.6944444444444444,841.27405,1175.9795472222222,3.888888888888889,482.66305,0.5690909090909091,36,36
202512301420,zero_gravity,0.8055555555555556,716.7538999999999,930.734938888889,4.222222222222222,616.5277,0.5788177339901478,36,36
202512301559,gravity,0.4857142857142857,1067.04,1182.9102742857144,4.857142857142857,583.3892,0.5163398692810458,35,35
202512301559,zero_gravity,0.5,1016.0709999999999,1017.3411833333333,4.861111111111111,441.6716,0.558641975308642,36,36
202512301619,gravity,0.6470588235294118,1241.1385,1446.7699088235295,7.0,399.24635,,34,34
202512301619,zero_gravity,0.7222222222222222,1366.6860000000001,1420.5570166666666,6.527777777777778,349.1471,0.4423076923076923,36,36
202512301621,gravity,0.9090909090909091,949.6675,1063.3773787878788,7.0,931.8723,,33,33
202512301621,zero_gravity,0.9166666666666666,890.8358499999999,950.6012583333332,6.777777777777778,948.63535,0.6565656565656566,36,36
202512311507,gravity,0.9166666666666666,1015.8168000000001,1267.6042861111114,5.0,1049.2705,,36,36
202512311507,zero_gravity,0.8181818181818182,1148.88,1246.9564818181818,5.0,1032.98,,33,33
202512311540,gravity,0.6857142857142857,1432.798,1489.1930542857142,5.428571428571429,516.1772,0.5018939393939394,35,35
202512311540,zero_gravity,0.6285714285714286,1082.824,1192.883917142857,5.542857142857143,515.5601,0.43356643356643354,35,35
202601051520,gravity,0.6111111111111112,1016.5235500000001,1178.9778833333335,7.0,674.5132,,36,36
202601051520,zero_gravity,0.6944444444444444,1223.879,1168.7114888888889,7.0,508.37095,,36,36
202601051522,gravity,0.4166666666666667,682.88255,814.4169722222223,7.0,374.428,,36,36
202601051522,zero_gravity,0.6111111111111112,700.2527,836.0404974999999,7.0,349.48125,,36,36
202601060953,gravity,0.6857142857142857,867.7224,1190.548531428571,4.6571428571428575,299.7065,0.4867424242424242,35,35
202601060953,zero_gravity,0.6,816.793,1008.3635314285712,4.542857142857143,349.1826,0.5629251700680272,35,35
202601061013,gravity,0.8333333333333334,791.5974,1059.1608805555554,5.194444444444445,799.3349499999999,0.5638888888888889,36,36
202601061013,zero_gravity,0.7142857142857143,1382.973,1351.9661285714283,4.628571428571429,766.46,0.698,35,35
202601061500,gravity,0.4722222222222222,740.56655,912.221138888889,5.916666666666667,349.2407,0.4674922600619195,36,36
202601061500,zero_gravity,0.5142857142857142,799.7798,1009.0794400000001,6.0,315.4285,,35,35
202601061608,gravity,0.5,849.8347,894.143061111111,7.0,591.4648500000001,,36,36
202601061608,zero_gravity,0.5833333333333334,941.05075,1058.624158333333,6.666666666666667,567.8047,0.5095238095238095,36,36
202601061632,gravity,0.9142857142857143,866.2961,1038.1473114285716,6.205882352941177,1117.409,0.8763440860215054,35,34
202601061632,zero_gravity,0.8333333333333334,981.93165,1260.0487249999999,5.8,1098.865,0.77,36,35
202601071419,gravity,0.8333333333333334,691.72225,792.6526500000001,6.833333333333333,384.0299,0.5833333333333333,36,36
202601071419,zero_gravity,0.75,891.4781499999999,1100.972911111111,6.777777777777778,332.17404999999997,0.6234567901234568,36,36
202601071601,gravity,0.4411764705882353,1715.5555,1658.5819294117648,5.9411764705882355,1074.428,0.49473684210526314,34,34
202601071601,zero_gravity,0.4722222222222222,1457.685,1550.187777777778,6.222222222222222,1008.096,0.4597523219814242,36,36
202601071604,gravity,0.48484848484848486,1165.406,1293.3116545454545,6.909090909090909,632.0576,0.4375,33,33
202601071604,zero_gravity,0.5277777777777778,865.90065,999.3649111111112,6.777777777777778,615.5813,0.5588235294117647,36,36
202601071629,gravity,0.8888888888888888,882.55075,1069.7161166666665,5.0,616.5382999999999,,36,36
202601071629,zero_gravity,0.5428571428571428,1299.563,1351.2643457142858,5.0,866.1335,,35,35
202601081426,gravity,0.5,1040.201,1124.7344794117648,7.0,431.76165000000003,,34,34
202601081426,zero_gravity,0.4722222222222222,683.0034,906.4258194444444,7.0,315.2572,,36,36
202601081439,gravity,0.8333333333333334,1191.2984999999999,1350.3622749999997,5.027777777777778,1058.3020000000001,0.75,36,36
202601081439,zero_gravity,0.6285714285714286,931.4854,1117.7769257142857,4.911764705882353,1074.801,0.5073260073260073,35,34
202601081440,gravity,0.5277777777777778,765.5354,859.0381777777778,7.0,365.79005,,36,36
202601081440,zero_gravity,0.6944444444444444,840.72815,964.3615750000002,7.0,374.45495,,36,36
202601081624,gravity,0.8333333333333334,1340.4445,1505.2270305555555,4.942857142857143,1016.246,0.5666666666666667,36,35
202601081624,zero_gravity,0.6571428571428571,1233.933,1378.0654542857144,4.8,1033.075,0.6340579710144927,35,35
202601090957,gravity,0.5454545454545454,1800.047,1829.7233939393939,4.818181818181818,999.1914,0.5425925925925925,33,33
202601090957,zero_gravity,0.5,1682.8965,1742.3862352941173,4.705882352941177,1224.5735,0.46885813148788924,34,34
202601090958,gravity,0.6111111111111112,1149.359,1189.92235,6.888888888888889,507.64125,0.5454545454545454,36,36
202601090958,zero_gravity,0.5428571428571428,1099.83,1219.4773714285711,6.771428571428571,516.6714,0.47368421052631576,35,35
202601091422,gravity,0.7058823529411765,1090.9,1255.7632352941177,4.4375,449.18775000000005,0.45000000000000007,34,32
202601091422,zero_gravity,0.6060606060606061,1081.791,1210.350103030303,3.6666666666666665,550.9629,0.38269230769230766,33,33
202601091449,gravity,0.6944444444444444,1733.2095,1642.194247222222,3.606060606060606,1216.427,0.7665289256198347,36,33
202601091449,zero_gravity,0.6176470588235294,1450.4455,1426.6078323529412,3.5294117647058822,1115.9789999999998,0.5604395604395603,34,34
202601091509,gravity,0.8888888888888888,1174.5794999999998,1276.4082777777776,4.472222222222222,1191.228,0.26953125,36,36
202601091509,zero_gravity,0.5555555555555556,1258.1370000000002,1408.3685277777777,4.212121212121212,1115.921,0.5753676470588236,36,33
202601091602,gravity,0.8571428571428571,1382.386,1670.4192285714287,5.333333333333333,1266.33,0.43103448275862066,35,33
202601091602,zero_gravity,0.6363636363636364,1382.879,1469.908421212121,5.090909090909091,1215.561,0.5634920634920635,33,33
202601121453,gravity,0.6470588235294118,1366.32,1464.843876470588,7.0,716.0974,,34,34
202601121453,zero_gravity,0.4166666666666667,1323.7984999999999,1333.0449305555553,7.0,407.39355,,36,36
202601131016,gravity,0.47058823529411764,1333.0059999999999,1478.864005882353,5.411764705882353,499.2561,0.5833333333333333,34,34
202601131016,zero_gravity,0.5555555555555556,1092.377,1211.3176972222223,6.0,450.68460000000005,,36,36
202601131558,gravity,0.7222222222222222,758.5796,864.5628694444445,7.0,491.1179,,36,36
202601131558,zero_gravity,0.8055555555555556,782.6990000000001,886.2645666666668,6.861111111111111,374.52675,0.5714285714285714,36,36
202601141624,gravity,0.8285714285714286,1449.999,1556.1896342857142,6.529411764705882,849.35815,0.7738095238095238,35,34
202601141624,zero_gravity,0.6857142857142857,1633.105,1600.947102857143,6.7272727272727275,566.7803,0.5330578512396694,35,33
202601151419,gravity,0.7428571428571429,1583.95,1599.601105714286,6.685714285714286,599.3555,0.5747863247863247,35,35
202601151419,zero_gravity,0.8285714285714286,1199.423,1388.0961057142858,6.714285714285714,665.5791,0.4568965517241379,35,35
202601151516,gravity,0.7352941176470589,1149.286,1263.7017764705881,6.352941176470588,940.8406,0.7044444444444444,34,34
202601151516,zero_gravity,0.5833333333333334,1433.3675,1485.3790638888888,6.305555555555555,916.6957,0.5555555555555556,36,36
202601160948,gravity,0.6470588235294118,1224.742,1344.9707147058825,4.176470588235294,1017.0095,0.46969696969696967,34,34
202601160948,zero_gravity,0.5,1116.395,1172.733118333333,4.111111111111111,1032.853,0.4506172839506173,36,36
202601160958,gravity,0.6111111111111112,1116.6464999999998,1119.6853666666666,7.0,667.05845,,36,36
202601160958,zero_gravity,0.4722222222222222,1132.4995,1210.9886305555556,7.0,590.989,,36,36
202601161413,gravity,0.7777777777777778,899.8972,1125.8892000000003,4.0,723.9119000000001,,36,36
202601161413,zero_gravity,0.6666666666666666,1282.5985,1324.5699944444445,4.0,765.3857499999999,,36,36
202601161555,gravity,0.6176470588235294,1241.049,1311.0251411764707,4.735294117647059,883.3384,0.5787545787545787,34,34
202601161555,zero_gravity,0.5833333333333334,1132.804,1199.0991222222224,4.6,798.7803,0.42857142857142855,36,35
202601161607,gravity,0.7647058823529411,1273.078,1443.2159647058825,5.9411764705882355,990.7497000000001,0.6610576923076923,34,34
202601161607,zero_gravity,0.8823529411764706,1200.0410000000002,1327.2681676470588,5.764705882352941,557.348,0.8,34,34
202601201533,gravity,0.6,1833.047,1784.936457142857,5.882352941176471,1158.1075,0.7252747252747253,35,34
202601201533,zero_gravity,0.6388888888888888,1666.8015,1910.2738777777777,5.583333333333333,623.8569,0.5484949832775919,36,36
202601201601,gravity,0.4722222222222222,974.61805,1081.7536,5.5,1298.915,0.48761609907120745,36,36
202601201601,zero_gravity,0.6111111111111112,941.43285,1200.072025,5.777777777777778,1141.9555,0.3766233766233766,36,36
202601221031,gravity,0.7,924.9594999999999,1060.9144733333333,6.4,716.3696,0.626984126984127,30,30
202601221031,zero_gravity,0.6,865.1152,1014.6677314285713,6.742857142857143,548.146,0.4387755102040816,35,35
202601221622,gravity,0.5,999.9788,1093.228663888889,4.638888888888889,1066.507,0.6018518518518517,36,36
202601221622,zero_gravity,0.5555555555555556,900.0388,946.3964333333333,4.514285714285714,1050.447,0.5707236842105263,36,35
202601231437,gravity,0.5833333333333334,1008.4328,1135.5939805555558,5.3428571428571425,867.3604,0.4316666666666666,36,35
202601231437,zero_gravity,0.5555555555555556,991.1601499999999,1125.1325361111112,5.388888888888889,707.5935999999999,0.6078125,36,36
202601231616,gravity,0.7941176470588235,1674.391,1633.7529264705884,6.823529411764706,374.95545,0.5714285714285714,34,34
202601231616,zero_gravity,0.7222222222222222,1375.1325000000002,1492.0227583333333,6.916666666666667,391.4044,0.5288461538461539,36,36
202601231630,gravity,0.8333333333333334,1441.3895,1618.044788888889,6.138888888888889,899.98585,0.8583333333333334,36,36
202601231630,zero_gravity,0.8857142857142857,1466.664,1601.9410857142857,6.242424242424242,749.4404,0.6767241379310345,35,33
202601231631,gravity,0.7941176470588235,965.6184499999999,1118.549111764706,6.352941176470588,1082.9115000000002,0.8015873015873016,34,34
202601231631,zero_gravity,0.8333333333333334,974.5548,1238.847,5.972222222222222,1099.854,0.8861111111111112,36,36
202601271536,gravity,0.8571428571428571,1266.542,1386.7159857142856,3.0285714285714285,650.1948,0.5233333333333333,35,35
202601271536,zero_gravity,0.9142857142857143,1399.726,1492.3549485714284,2.9714285714285715,650.3921,0.6666666666666667,35,35
202601291546,gravity,0.6944444444444444,1182.9245,1415.4003805555558,4.972222222222222,724.33105,0.48,36,36
202601291546,zero_gravity,0.5151515151515151,1516.046,1676.3270606060607,5.0,432.2573,,33,33
202601291609,gravity,0.3235294117647059,1016.0835,1087.8177470588237,6.909090909090909,1248.775,0.5,34,33
202601291609,zero_gravity,0.5,1090.999,1116.6102861111112,6.9714285714285715,1266.794,0.47058823529411764,36,35
202601311414,gravity,0.7058823529411765,1056.425,1171.8993705882356,6.382352941176471,1040.7314999999999,0.49375,34,34
202601311414,zero_gravity,0.5277777777777778,858.2351,1069.4624972222223,6.25,1190.712,0.6377708978328174,36,36
202601311415,gravity,0.6388888888888888,723.9826,735.2734361111111,7.0,274.7156,,36,36
202601311415,zero_gravity,0.4444444444444444,557.6655000000001,621.33855,7.0,281.78625,,36,36
202601311526,gravity,0.9142857142857143,1066.619,1196.4263085714288,6.205882352941177,1216.4715,0.5806451612903226,35,34
202601311526,zero_gravity,0.7428571428571429,1033.17,1141.6467142857139,6.428571428571429,1182.543,0.5,35,35
202602041413,gravity,0.6875,1657.797,1647.431084375,5.5625,741.6829,0.4704545454545454,32,32
202602041413,zero_gravity,0.5,1691.6975,1681.4991944444446,5.714285714285714,466.8967,0.3431372549019608,36,35
202603131141,gravity,0.696969696969697,1866.663,1936.539303030303,6.90625,774.4409,0.5045454545454545,33,32
202603131141,zero_gravity,0.4857142857142857,1632.347,1722.9163514285715,7.0,624.87305,,35,34
202603161028,gravity,0.8333333333333334,1073.8969499999998,1367.848702777778,6.638888888888889,617.1124,0.7555555555555555,36,36
202603161028,zero_gravity,0.8888888888888888,1408.6605,1467.6073305555558,6.666666666666667,824.8217,0.6484375,36,36
202603301430,gravity,0.65625,1275.002,1277.543921875,2.2758620689655173,1363.386,0.5194444444444445,32,29
202603301430,zero_gravity,0.4722222222222222,991.5913,1157.474475,2.2666666666666666,1249.3395,0.46153846153846156,36,30
202604171122,gravity,0.7777777777777778,682.11255,740.2991888888889,5.75,531.76905,0.6205357142857143,36,36
202604171122,zero_gravity,0.8055555555555556,816.7634,886.0757916666666,3.1944444444444446,491.39914999999996,0.6354679802955665,36,36
202604181434,gravity,0.8285714285714286,1066.482,1154.3938714285714,5.382352941176471,999.8867,0.5172413793103449,35,34
202604181434,zero_gravity,0.75,1074.4805000000001,1127.7384527777776,5.114285714285714,1049.064,0.587962962962963,36,35
202604211006,gravity,0.6388888888888888,1365.937,1553.6247027777779,5.277777777777778,999.5638,0.6605351170568562,36,36
202604211006,zero_gravity,0.6285714285714286,1316.1,1401.7774942857143,5.257142857142857,1148.655,0.5541958041958042,35,35
202604211430,gravity,0.7647058823529411,825.11195,1100.622967647059,4.823529411764706,1232.399,0.4495192307692307,34,34
202604211430,zero_gravity,0.5294117647058824,849.8965000000001,1167.0290411764706,5.029411764705882,1007.5849499999999,0.6649305555555556,34,34
202604231424,gravity,0.8611111111111112,1049.179,1233.2949888888888,6.828571428571428,815.4399,0.7338709677419355,36,35
202604231424,zero_gravity,0.8333333333333334,1049.2849999999999,1123.2374444444445,6.861111111111111,391.1183,0.5416666666666666,36,36
202604241058,gravity,0.6451612903225806,1299.461,1370.4736774193545,6.888888888888889,664.6216,0.5,31,27
202604241058,zero_gravity,0.4666666666666667,1648.344,1758.5229333333332,6.857142857142857,691.4204,0.5,30,28
202604241424,gravity,0.7777777777777778,1308.527,1502.613527777778,6.942857142857143,1332.611,0.48214285714285715,36,35
202604241424,zero_gravity,0.7222222222222222,1425.495,1501.8321388888887,7.0,1448.8220000000001,,36,34
202604241517,gravity,0.71875,2066.6800000000003,2003.6051468750002,6.066666666666666,1474.1585,0.5454545454545454,32,30
202604241517,zero_gravity,0.696969696969697,1916.28,1895.454,5.4375,1599.7295,0.5120772946859904,33,32
202604251424,gravity,0.4117647058823529,1257.8915000000002,1364.2412676470587,4.852941176470588,1091.1100000000001,0.37857142857142856,34,34
202604251424,zero_gravity,0.4444444444444444,1090.568,1143.396388888889,4.666666666666667,1041.6885,0.5546875,36,36
202604251447,gravity,0.6111111111111112,866.37405,992.9449444444446,6.944444444444445,1149.6264999999999,0.5714285714285714,36,36
202604251447,zero_gravity,0.5,949.0742,1110.057088888889,6.916666666666667,1108.1245,0.4166666666666667,36,36
202604291121,gravity,0.6774193548387096,1182.343,1478.9548741935484,6.896551724137931,1383.274,0.586111111111111,31,29
202604291121,zero_gravity,0.7575757575757576,1382.172,1558.5443181818182,7.0,973.6306999999999,,33,30
202604291412,gravity,0.8285714285714286,799.5339,1006.69778,3.7142857142857144,815.7617,0.7873563218390804,35,35
202604291412,zero_gravity,0.8333333333333334,966.8643,1173.4521083333334,3.6944444444444446,924.8274,0.7666666666666666,36,36
202604301109,gravity,0.5151515151515151,1199.421,1461.7859363636362,6.818181818181818,1048.83,0.6268382352941176,33,33
202604301109,zero_gravity,0.6944444444444444,1298.8305,1355.5191055555556,6.694444444444445,1082.673,0.5527272727272727,36,36
202604301417,gravity,0.7222222222222222,891.0,962.5079555555554,5.083333333333333,941.47955,0.5057692307692307,36,36
202604301417,zero_gravity,0.4166666666666667,1064.2275,1101.3134138888888,5.0,924.09655,,36,36
202605081618,gravity,0.7941176470588235,1249.62,1362.0081558823529,6.206896551724138,881.9575,0.5584415584415584,34,29
202605081618,zero_gravity,0.6764705882352942,1458.0475000000001,1510.3820911764703,6.645161290322581,782.7881,0.5631313131313131,34,31
202605091021,gravity,0.4857142857142857,1232.884,1256.8624285714286,4.857142857142857,999.4861,0.5245098039215687,35,35
202605091021,zero_gravity,0.5555555555555556,1049.688,1093.1713861111116,4.805555555555555,957.8666000000001,0.55,36,36
202605091507,gravity,0.8484848484848485,1633.024,1738.5223515151513,5.090909090909091,1149.792,0.5428571428571428,33,33
202605091507,zero_gravity,0.6,1266.432,1483.5193942857145,5.142857142857143,1099.795,0.5102040816326531,35,35
202605091613,gravity,0.47058823529411764,1591.298,1670.7669794117649,5.6875,1149.491,0.6156862745098038,34,32
202605091613,zero_gravity,0.45714285714285713,1699.709,1752.0646571428574,4.8,1248.603,0.555921052631579,35,35
202605091617,gravity,0.6111111111111112,1199.846,1298.7137666666667,6.0,1191.042,0.5941558441558441,36,36
202605091617,zero_gravity,0.4857142857142857,1566.5,1698.2467714285713,5.617647058823529,1283.192,0.4913194444444444,35,34
202605111426,gravity,0.5142857142857142,1033.304,1191.5784228571426,4.911764705882353,840.8772,0.5363321799307957,35,34
202605111426,zero_gravity,0.4411764705882353,1307.3015,1373.177455882353,4.794117647058823,783.0901,0.5052631578947369,34,34
202605111540,gravity,0.5806451612903226,1316.456,1409.8936967741931,5.0,1199.7235,0.6122994652406417,31,28
202605111540,zero_gravity,0.5,1600.0005,1825.3202633333335,3.7142857142857144,1174.7635,0.6615384615384616,30,28
202605111553,gravity,0.5555555555555556,982.9105500000001,1054.1723944444445,4.714285714285714,1166.171,0.524671052631579,36,35
202605111553,zero_gravity,0.5833333333333334,949.441,1003.1980361111112,4.527777777777778,1116.033,0.5523809523809524,36,36
202605120953,gravity,0.8333333333333334,891.0548,999.6154361111112,7.0,499.59315000000004,,36,36
202605120953,zero_gravity,0.9166666666666666,858.0581,951.1096388888889,7.0,366.4124,,36,36
202605121423,gravity,0.7714285714285715,783.031,924.0395742857144,4.588235294117647,815.6339499999999,0.8461538461538461,35,34
202605121423,zero_gravity,0.7714285714285715,800.0676,931.5726657142857,5.0285714285714285,1200.037,0.7592592592592593,35,35
202605121442,gravity,0.47058823529411764,1141.5065,1368.2347382352941,6.9393939393939394,1116.425,0.5588235294117647,34,33
202605121442,zero_gravity,0.7714285714285715,1150.15,1282.5338257142855,6.828571428571428,1199.542,0.5763888888888888,35,35
202605131007,gravity,0.7352941176470589,1091.2914999999998,1239.782594117647,5.9411764705882355,849.5602,0.5800000000000001,34,34
202605131007,zero_gravity,0.7777777777777778,1199.5945000000002,1280.4363722222224,6.777777777777778,499.1721,0.609375,36,36
202605131018,gravity,0.5,1049.7,1163.0032055555557,4.0,907.91025,,36,36
202605131018,zero_gravity,0.6666666666666666,1033.288,1252.4735277777777,4.0,907.9448500000001,,36,36
202605131426,gravity,0.8333333333333334,566.3511,789.9103777777777,6.472222222222222,682.90075,0.7694444444444445,36,36
202605131426,zero_gravity,0.7647058823529411,599.6172,718.3042735294118,6.235294117647059,583.0382999999999,0.8076923076923077,34,34
202605131703,gravity,0.7142857142857143,999.8296,1176.7573200000002,6.142857142857143,766.7632,0.6100000000000001,35,35
202605131703,zero_gravity,0.4722222222222222,1316.484,1352.9109250000001,6.0,707.75905,0.5464396284829721,36,36
202605141023,gravity,0.6944444444444444,1049.494,1214.3424916666665,5.166666666666667,991.34695,0.4927272727272727,36,36
202605141023,zero_gravity,0.6285714285714286,966.5923,1139.2371942857144,5.228571428571429,949.7915,0.465034965034965,35,35
202605141420,gravity,0.9166666666666666,732.8621,797.3579305555554,6.833333333333333,349.76805,0.6666666666666667,36,36
202605141420,zero_gravity,0.7777777777777778,733.41895,896.4685833333334,7.0,324.24289999999996,,36,36
202605151433,gravity,0.4722222222222222,683.2533,752.8149805555556,7.0,449.61735,,36,36
202605151433,zero_gravity,0.5277777777777778,691.2463,751.0069638888888,6.861111111111111,499.85654999999997,0.47368421052631576,36,36
202605161415,gravity,0.9166666666666666,1066.295,1119.0145555555557,4.25,849.4881499999999,0.6363636363636364,36,36
202605161415,zero_gravity,0.8055555555555556,1090.7815,1157.8732944444448,4.083333333333333,691.1338000000001,0.4630541871921182,36,36
202605161422,gravity,0.7777777777777778,1349.7995,1395.9965722222223,5.305555555555555,791.3724,0.7165178571428572,36,36
202605161422,zero_gravity,0.7647058823529411,1341.3575,1373.6695264705884,5.588235294117647,549.5759,0.6274038461538461,34,34
202605181455,gravity,0.8571428571428571,966.1143,1131.0851342857143,6.3428571428571425,599.4521,0.3733333333333333,35,35
202605181455,zero_gravity,0.6388888888888888,858.1615999999999,991.7258249999995,6.055555555555555,649.5471500000001,0.5367892976588629,36,36
202605191433,gravity,0.7777777777777778,1274.788,1514.9303055555554,4.861111111111111,957.9590000000001,0.7276785714285714,36,36
202605191433,zero_gravity,0.6764705882352942,1491.4935,1567.757323529412,5.029411764705882,957.43065,0.4960474308300395,34,34
202605191954,gravity,0.7222222222222222,1058.1860000000001,1142.318661111111,5.722222222222222,516.25405,0.6480769230769231,36,36
202605191954,zero_gravity,0.696969696969697,1199.815,1362.279212121212,5.666666666666667,416.5806,0.5804347826086957,33,33
202605201004,gravity,0.9142857142857143,1466.516,1500.150985714286,4.352941176470588,699.78135,0.6290322580645162,35,34
202605201004,zero_gravity,0.6388888888888888,1674.5535,1687.123038888889,4.166666666666667,932.7898,0.4548494983277592,36,36
202605201452,gravity,0.5588235294117647,1174.5785,1363.4909058823528,4.588235294117647,1191.482,0.7087719298245615,34,34
202605201452,zero_gravity,0.6111111111111112,1174.675,1338.874161111111,4.285714285714286,1199.508,0.6503496503496503,36,35
202605201637,gravity,0.8181818181818182,1415.619,1678.9029272727273,6.575757575757576,1082.938,0.6018518518518519,33,33
202605201637,zero_gravity,0.7142857142857143,1432.995,1699.186457142857,6.714285714285714,699.5759,0.752,35,35
202605211013,gravity,0.8333333333333334,941.40295,1074.6778944444443,6.0,483.1189,0.4027777777777778,36,36
202605211013,zero_gravity,0.7222222222222222,999.84835,1065.7235861111114,6.5,591.0536999999999,0.4423076923076923,36,36
202605211443,gravity,0.3333333333333333,766.4268500000001,860.7326749999999,7.0,507.80165,,36,36
202605211443,zero_gravity,0.6111111111111112,783.04955,906.0871999999999,7.0,516.0415,,36,36
202605212015,gravity,0.7352941176470589,1257.1135,1345.248732352941,7.0,583.0867,,34,34
202605212015,zero_gravity,0.7142857142857143,1299.81,1537.3465828571427,7.0,749.4058,,35,35
202605221039,gravity,0.7428571428571429,1399.68,1560.1587542857142,3.393939393939394,1316.483,0.6226851851851851,35,33
202605221039,zero_gravity,0.8125,1549.863,1665.759196875,3.4827586206896552,1332.959,0.6521739130434783,32,29
202605221450,gravity,0.5555555555555556,991.135,1106.5879555555555,4.25,624.62095,0.5,36,36
202605221450,zero_gravity,0.5714285714285714,1016.329,1096.825671428571,4.057142857142857,599.7383,0.4916666666666667,35,35
202605221530,gravity,0.5833333333333334,908.08155,1021.4884194444444,6.611111111111111,808.0409999999999,0.4650793650793651,36,36
202605221530,zero_gravity,0.5277777777777778,749.2438,856.6983583333334,6.138888888888889,1165.576,0.39164086687306504,36,36
202605221536,gravity,0.6666666666666666,799.8307,1047.3262472222223,5.892857142857143,1282.2910000000002,0.42105263157894735,36,28
202605221536,zero_gravity,0.6666666666666666,899.6369500000001,1256.6265194444445,5.75,1157.882,0.625,36,36
202605221545,gravity,0.6857142857142857,1716.295,1553.1273457142856,2.8285714285714287,883.0691,0.6704545454545455,35,35
202605221545,zero_gravity,0.3333333333333333,1524.8735,1563.5446638888889,1.8611111111111112,774.65965,0.5416666666666666,36,36
202605231554,gravity,0.4411764705882353,999.6702,1048.2017794117646,5.0,649.74195,,34,34
202605231554,zero_gravity,0.5714285714285714,1016.334,1178.658037142857,4.942857142857143,633.0913,0.45,35,35
202605231635,gravity,0.7941176470588235,2008.1535,1966.829105882353,4.911764705882353,1399.7135,0.6428571428571428,34,34
202605231635,zero_gravity,0.7142857142857143,2066.233,1994.8613399999997,4.5588235294117645,1407.9135,0.5729166666666666,35,34
202605251447,gravity,0.5588235294117647,1041.379,1288.4252529411765,6.411764705882353,924.7329,0.5140350877192982,34,34
202605251447,zero_gravity,0.5142857142857142,1266.327,1397.79892,5.885714285714286,1266.433,0.5816993464052288,35,35
202605251607,gravity,0.7941176470588235,1441.4365,1504.6991029411765,5.03030303030303,1415.981,0.7197802197802198,34,33
202605251607,zero_gravity,0.7222222222222222,1383.134,1425.125922222222,5.057142857142857,1366.546,0.382,36,35
202605260957,gravity,0.47058823529411764,1032.9085,1230.0871088235292,4.4411764705882355,524.7597499999999,0.359375,34,34
202605260957,zero_gravity,0.4722222222222222,874.8179,949.7078666666667,5.5,349.34155,0.43034055727554177,36,36
202605261045,gravity,0.6857142857142857,1566.678,1639.093265714286,4.114285714285714,866.3513,0.5113636363636365,35,35
202605261045,zero_gravity,0.6666666666666666,1591.269,1666.398261111111,4.0,590.96985,,36,36
202605261430,gravity,0.8888888888888888,691.1809000000001,861.2809555555555,6.472222222222222,808.0345,0.8359375,36,36
202605261430,zero_gravity,0.8055555555555556,949.55465,1053.8473499999998,5.055555555555555,949.00295,0.8325123152709359,36,36
202605261437,gravity,0.9166666666666666,999.7247500000001,1112.2460722222224,6.085714285714285,633.189,,36,35
202605261437,zero_gravity,0.6944444444444444,1007.9984999999999,1103.9191611111112,6.027777777777778,366.4415,,36,36
202605261606,gravity,0.4444444444444444,824.5826500000001,850.5659277777778,4.0,1091.5945000000002,0.5296875000000001,36,36
202605261606,zero_gravity,0.4857142857142857,1082.883,1235.845562857143,1.7428571428571429,733.0996,0.41503267973856206,35,35
202605261631,gravity,0.7777777777777778,1307.6925,1367.207872222222,6.916666666666667,733.00595,0.5267857142857143,36,36
202605261631,zero_gravity,0.5555555555555556,1074.174,1140.8129222222224,7.0,516.1101,,36,36
202605261634,gravity,0.6,1133.242,1388.745722857143,6.852941176470588,1166.5345,0.5571428571428572,35,34
202605261634,zero_gravity,0.2857142857142857,1283.117,1499.6606657142856,6.685714285714286,1283.09,0.51,35,35
202605261957,gravity,0.8235294117647058,1291.105,1346.2534411764707,6.176470588235294,499.7817,0.8511904761904763,34,34
202605261957,zero_gravity,0.8055555555555556,1116.031,1209.346361111111,5.972222222222222,466.3125,0.8103448275862067,36,36
202605261958,gravity,0.6111111111111112,1108.0395,1400.244688888889,6.472222222222222,782.9952499999999,0.4772727272727273,36,36
202605261958,zero_gravity,0.6666666666666666,1057.931,1120.585361111111,6.25,333.0538,0.5625,36,36
202605271051,gravity,0.4444444444444444,1049.7005,1125.4216999999999,5.722222222222222,1100.4615,0.37187499999999996,36,36
202605271051,zero_gravity,0.5277777777777778,1099.824,1202.4945083333334,5.805555555555555,1073.7785,0.5572755417956655,36,36
202605271423,gravity,0.6,1099.938,1248.8292828571427,4.857142857142857,849.6926,0.7108843537414966,35,35
202605271423,zero_gravity,0.7222222222222222,999.78635,1133.5165305555556,4.361111111111111,707.8706,0.3596153846153846,36,36
202605271445,gravity,0.6666666666666666,1374.7455,1465.9399805555556,6.527777777777778,732.8939,0.45486111111111105,36,36
202605271445,zero_gravity,0.7142857142857143,1232.311,1415.297617142857,6.828571428571428,599.9512,0.55,35,35
202605271505,gravity,0.8,1216.444,1501.1350057142856,6.914285714285715,883.0547,0.5510204081632653,35,35
202605271505,zero_gravity,0.47058823529411764,1699.5735,1698.2401499999999,5.9411764705882355,1024.5905,0.6805555555555556,34,34
202605271539,gravity,0.625,1982.6480000000001,1945.603734375,6.064516129032258,799.6528,0.4473684210526315,32,31
202605271539,zero_gravity,0.6571428571428571,1800.327,1805.3816571428572,5.8,916.3154,0.42934782608695654,35,35
202605271553,gravity,0.6388888888888888,924.73965,1020.0673166666667,6.142857142857143,1082.94,0.6363636363636365,36,35
202605271553,zero_gravity,0.4857142857142857,1433.125,1422.9418,3.3714285714285714,1083.037,0.5408496732026143,35,35
202605281034,gravity,0.6111111111111112,1207.9634999999998,1374.2832666666666,6.972222222222222,1099.696,0.5357142857142857,36,36
202605281034,zero_gravity,0.6285714285714286,1132.34,1230.6494571428568,7.0,1166.587,,35,35
202605281055,gravity,0.5277777777777778,1032.978,1107.1224305555554,6.0,766.354,,36,33
202605281055,zero_gravity,0.4375,1008.07395,1121.086971875,6.0,666.2629,,32,30
202605281637,gravity,0.6296296296296297,1899.627,1881.005525925926,6.296296296296297,1082.951,0.5470588235294118,27,27
202605281637,zero_gravity,0.6176470588235294,2091.0915,1989.2552558823531,6.15625,1241.283,0.5625,34,32
202605281645,gravity,0.5625,1783.0955,1776.811846875,6.8125,557.82335,0.5357142857142857,32,32
202605281645,zero_gravity,0.6176470588235294,1924.688,1883.502655882353,6.647058823529412,690.84865,0.5366300366300366,34,34
202605281945,gravity,0.9090909090909091,982.9932,1224.5234090909094,6.0606060606060606,449.4839,0.5333333333333333,33,33
202605281945,zero_gravity,0.7777777777777778,932.8202,1088.5781305555556,6.0,399.51930000000004,,36,36
202605281954,gravity,0.78125,1549.69,1664.702621875,3.90625,249.6504,0.48,32,32
202605281954,zero_gravity,0.75,1716.5115,1805.1760305555554,4.0,391.56205,,36,36
202605291006,gravity,0.7428571428571429,1416.289,1552.4801799999998,3.7941176470588234,765.89185,0.4622222222222223,35,34
202605291006,zero_gravity,0.6176470588235294,1607.7559999999999,1773.4753205882355,3.9411764705882355,532.8821,0.36080586080586075,34,34
202605291659,gravity,0.8285714285714286,899.7817,1189.551182857143,6.914285714285715,682.1504,0.5488505747126436,35,35
202605291659,zero_gravity,0.7714285714285715,816.4456,958.6452685714286,6.914285714285715,682.571,0.6875,35,35
202605301430,gravity,0.5882352941176471,1207.867,1291.6359647058825,7.0,725.1302499999999,,34,34
202605301430,zero_gravity,0.4722222222222222,916.6437,980.6116166666665,7.0,591.3027500000001,,36,36
202605301437,gravity,0.4166666666666667,966.2389000000001,1003.468388888889,3.4444444444444446,799.6079500000001,0.40476190476190477,36,36
202605301437,zero_gravity,0.6111111111111112,1016.8185,1066.5227638888891,3.0,824.8416500000001,,36,36
202606011412,gravity,0.9117647058823529,1016.0469,1143.3621794117648,5.0,416.3003,,34,33
202606011412,zero_gravity,0.7777777777777778,766.17405,964.0189750000001,5.0,416.41610000000003,,36,36
202606011955,gravity,0.5555555555555556,949.42725,1047.8164138888885,5.972222222222222,524.5757,0.475,36,36
202606011955,zero_gravity,0.6571428571428571,966.3926,1089.6446999999998,5.714285714285714,616.7539,0.5199275362318841,35,35
202606011956,gravity,0.696969696969697,1632.952,1570.343287878788,7.0,632.7476,,33,33
202606011956,zero_gravity,0.7714285714285715,1465.856,1537.1266314285713,6.885714285714286,732.4053,0.5625,35,35
202606021003,gravity,0.5454545454545454,1083.129,1423.8890393939396,7.0,516.6528,,33,29
202606021003,zero_gravity,0.6571428571428571,799.1685,862.9914399999999,7.0,549.7744,,35,35
202606021009,gravity,0.4,1116.126,1103.4414771428571,7.0,616.0327,,35,35
202606021009,zero_gravity,0.4444444444444444,1149.3615,1179.2213416666664,7.0,824.4526000000001,,36,36
202606041515,gravity,0.5428571428571428,1233.331,1226.8264314285711,2.142857142857143,483.0137,0.4194078947368421,35,35
202606041515,zero_gravity,0.6944444444444444,1299.6745,1380.7612055555555,2.2222222222222223,416.21655,0.2781818181818182,36,36
202606051026,gravity,0.71875,2149.7465,2035.1266875000001,3.46875,874.7424,0.5507246376811594,32,32
202606051026,zero_gravity,0.6388888888888888,1866.3195,1975.6449166666669,3.25,707.96315,0.5618729096989967,36,36
202606051627,gravity,0.7714285714285715,984.1018,1028.7317342857143,5.0,882.8701,,35,35
202606051627,zero_gravity,0.7777777777777778,983.29685,1043.196213888889,5.0,649.7319,,36,35
202606051733,gravity,0.8,1633.214,1676.336594285714,6.885714285714286,583.1611,0.5178571428571429,35,35
202606051733,zero_gravity,0.6666666666666666,1524.734,1521.4273722222222,6.305555555555555,924.6574499999999,0.4340277777777777,36,36
202606061425,gravity,0.8823529411764706,1141.132,1355.951638235294,6.764705882352941,807.979,0.7375,34,34
202606061425,zero_gravity,0.6285714285714286,1216.068,1380.4431485714288,6.942857142857143,382.9731,0.4772727272727273,35,35
202606061640,gravity,0.5142857142857142,1634.244,1791.5688571428573,5.393939393939394,1183.147,0.37132352941176466,35,33
202606061640,zero_gravity,0.6944444444444444,1183.1435000000001,1412.5645916666665,5.944444444444445,1065.5495,0.5254545454545454,36,36
202606081618,gravity,0.42857142857142855,949.7461,1034.869997142857,5.542857142857143,499.7588,0.4600000000000001,35,35
202606081618,zero_gravity,0.6388888888888888,849.5797,870.937186111111,5.166666666666667,366.33545000000004,0.4765886287625418,36,36
202606091031,gravity,0.8,1116.301,1280.2383857142856,5.485714285714286,1116.368,0.4056122448979592,35,35
202606091031,zero_gravity,0.6857142857142857,1132.893,1231.7383342857145,5.228571428571429,1182.596,0.4734848484848485,35,35
202606091034,gravity,0.3448275862068966,2115.906,2181.229344827586,4.931034482758621,1366.358,0.6526315789473685,29,29
202606091034,zero_gravity,0.59375,2157.9120000000003,2148.02996875,4.96875,1274.6799999999998,0.4817813765182187,32,32
202606091426,gravity,0.6571428571428571,1133.148,1418.1923,6.9411764705882355,908.1881,0.45454545454545453,35,34
202606091426,zero_gravity,0.5294117647058824,1424.7815,1519.1903676470588,6.838709677419355,983.1008,0.546218487394958,34,31
202606101015,gravity,0.4166666666666667,974.56885,1108.926997222222,5.2,1082.027,0.3962585034013606,36,35
202606101015,zero_gravity,0.6111111111111112,1057.984,1116.8400277777778,5.305555555555555,1141.327,0.3798701298701298,36,36
202606101415,gravity,0.8055555555555556,1049.8184999999999,1086.9849138888887,2.6944444444444446,490.77465,0.6699507389162561,36,36
202606101415,zero_gravity,0.7222222222222222,774.47195,897.0019444444443,3.0,149.65905,,36,36
202606101420,gravity,0.8571428571428571,633.1147,668.5767914285716,7.0,483.4658,,35,35
202606101420,zero_gravity,0.7777777777777778,624.55605,779.2252222222222,7.0,408.05005,,36,36
202606101632,gravity,0.4117647058823529,1499.693,1533.0143294117645,4.515151515151516,1449.552,0.5923076923076923,34,33
202606101632,zero_gravity,0.5428571428571428,1648.762,1705.2106285714287,4.771428571428571,1349.564,0.6151315789473684,35,35
202606111014,gravity,0.6896551724137931,1449.402,1519.8201999999997,6.892857142857143,741.2292500000001,,29,28
202606111014,zero_gravity,0.8,1632.597,1684.2374800000002,7.0,799.7603,,25,23
202606121419,gravity,0.5833333333333334,1133.2965,1366.2198833333332,5.8,1016.48,0.4013605442176871,36,35
202606121419,zero_gravity,0.6388888888888888,991.4385,1023.7179527777777,6.235294117647059,1158.1395,0.45833333333333337,36,34
202606121603,gravity,0.37142857142857144,1216.25,1340.6558314285714,7.0,941.16455,,35,32
202606121603,zero_gravity,0.5277777777777778,1274.7365,1425.6226861111109,7.0,582.812,,36,36
202606131455,gravity,0.6571428571428571,1166.381,1266.3559771428572,5.6571428571428575,483.1074,0.5652173913043478,35,35
202606131455,zero_gravity,0.5142857142857142,1416.024,1447.6173657142858,5.571428571428571,716.354,0.47058823529411764,35,35
202606151502,gravity,0.8333333333333334,816.3198500000001,915.8970722222223,6.833333333333333,557.97365,0.5833333333333333,36,36
202606151502,zero_gravity,0.7222222222222222,758.0681,901.098877777778,7.0,533.0111999999999,,36,36
202606151633,gravity,0.4857142857142857,1049.765,1063.397394285714,1.0571428571428572,632.9741,0.5294117647058824,35,35
202606151633,zero_gravity,0.37142857142857144,799.5188,862.9997057142858,1.0,549.7729,,35,35
202606151954,gravity,0.6571428571428571,1199.696,1341.98408,5.117647058823529,1032.879,0.5946969696969697,35,34
202606151954,zero_gravity,0.7714285714285715,1133.097,1217.5564085714284,5.285714285714286,449.4868,0.37268518518518523,35,35
202606160949,gravity,0.8611111111111112,1157.9075,1299.1121444444443,7.0,474.28625,,36,36
202606160949,zero_gravity,0.8055555555555556,974.7706000000001,1140.7780694444443,7.0,465.57259999999997,,36,36
202606161430,gravity,0.9166666666666666,1108.0465,1250.608511111111,6.257142857142857,949.6082,0.8854166666666667,36,35
202606161430,zero_gravity,0.8888888888888888,1091.389,1325.1606999999997,6.416666666666667,1049.307,0.734375,36,36
202606161543,gravity,0.375,1599.5635000000002,1643.969003125,5.903225806451613,1149.738,0.46590909090909094,32,31
202606161543,zero_gravity,0.6060606060606061,1799.975,1861.2470606060608,5.151515151515151,1083.147,0.5134615384615385,33,33
202606162041,gravity,0.42424242424242425,1349.313,1438.630584848485,6.0,916.312,,33,33
202606162041,zero_gravity,0.5555555555555556,1316.357,1417.7123555555556,6.0,958.0774,,36,36
202606171429,gravity,0.6,1516.373,1550.6533714285715,5.4,616.416,0.5136054421768708,35,35
202606171429,zero_gravity,0.6111111111111112,1415.901,1429.2123249999997,5.944444444444445,541.0148999999999,0.45454545454545453,36,36
202606171620,gravity,0.7714285714285715,866.3813,1001.5640228571426,6.285714285714286,399.5627,0.7083333333333333,35,35
202606171620,zero_gravity,0.7777777777777778,899.7997,992.1928194444445,5.916666666666667,532.5663999999999,0.6294642857142857,36,36
202606181002,gravity,0.8333333333333334,824.46705,925.5457861111112,5.722222222222222,966.47045,0.8250000000000001,36,36
202606181002,zero_gravity,0.7222222222222222,750.1146,814.54765,5.555555555555555,432.8008,0.7807692307692308,36,36
202606181422,gravity,0.5,874.68455,885.6849361111111,4.0,424.579,,36,36
202606181422,zero_gravity,0.4444444444444444,940.78145,989.4920555555556,4.0,400.1064,,36,36
202606221624,gravity,0.4,850.0508,978.7355828571431,5.0,1032.583,0.6054421768707483,35,35
202606221624,zero_gravity,0.6111111111111112,849.6406,996.9381666666666,4.333333333333333,1058.0304999999998,0.4724025974025974,36,36
202606231419,gravity,0.4722222222222222,1066.3545,1231.219425,7.0,474.45945,,36,36
202606231419,zero_gravity,0.6176470588235294,1166.413,1367.3026676470588,6.9411764705882355,391.34254999999996,0.4523809523809524,34,34
202606241428,gravity,0.4444444444444444,1058.001,1152.757911111111,6.0,1090.6064999999999,,36,36
202606241428,zero_gravity,0.5555555555555556,1066.252,1083.9295222222222,6.0,666.521,,36,35
202606241623,gravity,0.6451612903225806,1349.963,1560.9432096774196,7.0,449.896,,31,31
202606241623,zero_gravity,0.6451612903225806,1383.201,1516.8689580645162,6.766666666666667,516.30985,0.5909090909090908,31,30
202606250958,gravity,0.4857142857142857,816.1484,871.3957457142858,7.0,416.623,,35,35
202606250958,zero_gravity,0.5277777777777778,874.625,954.1425666666665,7.0,483.71439999999996,,36,36
202606251423,gravity,0.4444444444444444,890.9938999999999,937.5926416666667,7.0,924.47155,,36,36
202606251423,zero_gravity,0.4722222222222222,1008.07365,1088.625775,7.0,1008.0635,,36,36
202606251616,gravity,0.6285714285714286,1416.459,1442.39776,6.771428571428571,648.9341,0.506993006993007,35,35
202606251616,zero_gravity,0.5142857142857142,1181.317,1284.2757400000003,6.9714285714285715,816.4063,0.4722222222222222,35,35
202606260938,gravity,0.8333333333333334,699.6962,707.6273833333332,6.722222222222222,358.0022,0.6416666666666667,36,36
202606260938,zero_gravity,0.8888888888888888,658.07215,711.2869305555555,6.805555555555555,316.45605,0.7109375,36,36
202606261540,gravity,0.5555555555555556,699.7058,768.1667611111111,7.0,541.3422499999999,,36,36
202606261540,zero_gravity,0.5833333333333334,766.3698999999999,801.9574305555554,7.0,382.98985,,36,36
202606271424,gravity,0.8823529411764706,1099.65,1258.5430617647057,6.9411764705882355,483.01685,0.625,34,34
202606271424,zero_gravity,0.8235294117647058,1258.13,1435.4929852941177,6.5588235294117645,533.0147999999999,0.4732142857142857,34,34
202606291435,gravity,0.6857142857142857,1182.979,1281.63338,7.0,499.7031,,35,35
202606291435,zero_gravity,0.8333333333333334,1399.424,1541.7700888888892,7.0,399.75655,,36,36
202606291609,gravity,0.4166666666666667,1233.1595,1301.0505611111107,6.166666666666667,558.13945,0.5857142857142856,36,36
202606291609,zero_gravity,0.6,1416.618,1514.4166285714282,5.857142857142857,532.9326,0.5136054421768708,35,35
202606301005,gravity,0.6764705882352942,1315.4475000000002,1460.4161588235295,4.735294117647059,449.687,0.5335968379446641,34,34
202606301005,zero_gravity,0.8055555555555556,941.3911499999999,1013.7019361111111,5.472222222222222,508.0088,0.4556650246305418,36,36
202606301410,gravity,0.7222222222222222,1116.286,1162.0454999999997,6.972222222222222,749.34935,0.55,36,36
202606301410,zero_gravity,0.6285714285714286,1215.398,1305.2945742857144,6.9714285714285715,482.9839,0.5384615384615384,35,35
202606301635,gravity,0.7941176470588235,1290.6325000000002,1518.2199058823528,4.294117647058823,808.0437,0.5740740740740741,34,34
202606301635,zero_gravity,0.6666666666666666,1183.325,1368.1977472222222,4.5,532.9159999999999,0.6979166666666667,36,36
202607011009,gravity,0.5714285714285714,1266.545,1397.9150514285711,4.588235294117647,1441.2685000000001,0.6357142857142857,35,34
202607011009,zero_gravity,0.5714285714285714,1632.734,1751.5963799999997,4.235294117647059,1566.0955,0.5228070175438597,35,34
202607011417,gravity,0.3888888888888889,782.5669,955.5748416666668,4.277777777777778,707.73975,0.5373376623376622,36,36
202607011417,zero_gravity,0.6111111111111112,832.99155,960.7086444444444,4.111111111111111,616.173,0.5909090909090909,36,36
202607011950,gravity,0.625,1057.911,1163.564815625,4.21875,1033.0314,0.5791666666666666,32,32
202607011950,zero_gravity,0.6666666666666666,1233.162,1273.9440484848485,3.78125,1382.99,0.5886363636363636,33,32
202607021616,gravity,0.45714285714285713,966.3347,1021.9660200000001,4.2,599.6699,0.43750000000000006,35,35
202607021616,zero_gravity,0.5,782.7423,808.372825,4.305555555555555,541.31435,0.5046296296296297,36,36
202607031029,gravity,0.6470588235294118,1057.587,1273.6327617647057,6.548387096774194,749.9326,0.46717171717171724,34,31
202607031029,zero_gravity,0.5555555555555556,1324.6615000000002,1495.0834277777776,5.694444444444445,1116.4955,0.44375000000000003,36,36
202607031621,gravity,0.9166666666666666,649.5101500000001,811.090336111111,6.555555555555555,374.58450000000005,1.0,36,36
202607031621,zero_gravity,0.5277777777777778,724.45535,918.971725,6.055555555555555,382.74670000000003,0.7879256965944272,36,36
202607061414,gravity,0.5277777777777778,716.38975,760.2493166666668,7.0,657.8939,,36,36
202607061414,zero_gravity,0.4722222222222222,1057.7765,1191.737913888889,6.694444444444445,1141.4009999999998,0.608359133126935,36,36
202607061659,gravity,0.6470588235294118,1141.3175,1266.2759852941176,7.0,1116.196,,34,34
202607061659,zero_gravity,0.5555555555555556,1083.0535,1117.6515333333332,7.0,574.8341,,36,34
202607061949,gravity,0.7878787878787878,1216.418,1413.3291393939396,3.7419354838709675,1399.607,0.7266666666666667,33,31
202607061949,zero_gravity,0.6388888888888888,1440.0819999999999,1510.6100083333336,2.6,1332.964,0.47101449275362317,36,35
