subject,dyad_total,spam_included,m_minus_2sd_threshold
202511171004,1152,True,431.1657434710614
202511171621,1248,True,431.1657434710614
202511181005,769,True,431.1657434710614
202511181030,1251,True,431.1657434710614
202511181442,998,True,431.1657434710614
202511181445,1013,True,431.1657434710614
202511181455,472,True,431.1657434710614
202511181644,980,True,431.1657434710614
202511190941,1013,True,431.1657434710614
202511191004,823,True,431.1657434710614
202511191614,566,True,431.1657434710614
202511191626,974,True,431.1657434710614
202511201020,905,True,431.1657434710614
202511201417,890,True,431.1657434710614
202511201419,1006,True,431.1657434710614
202511201635,932,True,431.1657434710614
202511210958,1045,True,431.1657434710614
202511211007,939,True,431.1657434710614
202511211421,1132,True,431.1657434710614
202511211426,1083,True,431.1657434710614
202511211610,830,True,431.1657434710614
202511211621,942,True,431.1657434710614
202511241622,998,True,431.1657434710614
202511241649,1092,True,431.1657434710614
202511250951,999,True,431.1657434710614
202511250957,894,True,431.1657434710614
202511251431,1344,True,431.1657434710614
202511251659,1395,True,431.1657434710614
202511260959,919,True,431.1657434710614
202511261442,726,True,431.1657434710614
202511261447,922,True,431.1657434710614
202511261624,900,True,431.1657434710614
202511261626,536,True,431.1657434710614
202511261627,1091,True,431.1657434710614
202511271030,1313,True,431.1657434710614
202511271033,587,True,431.1657434710614
202511271431,702,True,431.1657434710614
202511271434,1277,True,431.1657434710614
202511271638,1129,True,431.1657434710614
202511281023,1153,True,431.1657434710614
202511281031,1127,True,431.1657434710614
202511281419,826,True,431.1657434710614
202511281437,925,True,431.1657434710614
202511281438,668,True,431.1657434710614
202511281630,1027,True,431.1657434710614
202512011436,1139,True,431.1657434710614
202512011444,748,True,431.1657434710614
202512021035,865,True,431.1657434710614
202512021459,1158,True,431.1657434710614
202512021644,592,True,431.1657434710614
202512031019,443,True,431.1657434710614
202512031140,696,True,431.1657434710614
202512031412,679,True,431.1657434710614
202512031441,1005,True,431.1657434710614
202512031606,651,True,431.1657434710614
202512041624,556,True,431.1657434710614
202512041627,993,True,431.1657434710614
202512051006,824,True,431.1657434710614
202512051012,435,True,431.1657434710614
202512051458,864,True,431.1657434710614
202512051625,667,True,431.1657434710614
202512081052,768,True,431.1657434710614
202512081420,1091,True,431.1657434710614
202512081422,580,True,431.1657434710614
202512081637,756,True,431.1657434710614
202512090949,1136,True,431.1657434710614
202512091017,910,True,431.1657434710614
202512091426,1075,True,431.1657434710614
202512091427,481,True,431.1657434710614
202512091621,1134,True,431.1657434710614
202512091629,625,True,431.1657434710614
202512100952,831,True,431.1657434710614
202512101006,1018,True,431.1657434710614
202512101010,688,True,431.1657434710614
202512101424,1068,True,431.1657434710614
202512101439,1045,True,431.1657434710614
202512101615,984,True,431.1657434710614
202512101635,633,True,431.1657434710614
202512111013,728,True,431.1657434710614
202512111440,998,True,431.1657434710614
202512111443,550,True,431.1657434710614
202512111615,1015,True,431.1657434710614
202512111620,883,True,431.1657434710614
202512121004,1246,True,431.1657434710614
202512121440,1111,True,431.1657434710614
202512151424,1019,True,431.1657434710614
202512151429,1011,True,431.1657434710614
202512151627,918,True,431.1657434710614
202512160951,1061,True,431.1657434710614
202512161427,990,True,431.1657434710614
202512161429,983,True,431.1657434710614
202512161620,579,True,431.1657434710614
202512171000,542,True,431.1657434710614
202512171004,1087,True,431.1657434710614
202512171013,878,True,431.1657434710614
202512171417,536,True,431.1657434710614
202512171421,808,True,431.1657434710614
202512180957,1130,True,431.1657434710614
202512181416,1223,True,431.1657434710614
202512181505,520,True,431.1657434710614
202512191005,914,True,431.1657434710614
202512191420,1064,True,431.1657434710614
202512191437,715,True,431.1657434710614
202512191555,1065,True,431.1657434710614
202512221005,1007,True,431.1657434710614
202512221010,1060,True,431.1657434710614
202512221617,940,True,431.1657434710614
202512221633,712,True,431.1657434710614
202512231014,1081,True,431.1657434710614
202512231610,621,True,431.1657434710614
202512231626,803,True,431.1657434710614
202512241001,641,True,431.1657434710614
202512241020,1177,True,431.1657434710614
202512241428,1027,True,431.1657434710614
202512241627,993,True,431.1657434710614
202512250951,1211,True,431.1657434710614
202512251624,1021,True,431.1657434710614
202512260959,703,True,431.1657434710614
202512261030,552,True,431.1657434710614
202512261422,737,True,431.1657434710614
202512261436,953,True,431.1657434710614
202512261625,866,True,431.1657434710614
202512291041,1386,True,431.1657434710614
202512291432,1042,True,431.1657434710614
202512291441,590,True,431.1657434710614
202512291612,683,True,431.1657434710614
202512300954,739,True,431.1657434710614
202512301413,693,True,431.1657434710614
202512301420,715,True,431.1657434710614
202512301559,1005,True,431.1657434710614
202512301619,654,True,431.1657434710614
202512301621,799,True,431.1657434710614
202512311540,884,True,431.1657434710614
202601061013,926,True,431.1657434710614
202601061500,908,True,431.1657434710614
202601061632,818,True,431.1657434710614
202601071419,605,True,431.1657434710614
202601071601,1068,True,431.1657434710614
202601071604,688,True,431.1657434710614
202601081439,1110,True,431.1657434710614
202601090957,844,True,431.1657434710614
202601090958,544,True,431.1657434710614
202601091422,627,True,431.1657434710614
202601091449,1040,True,431.1657434710614
202601131016,1180,True,431.1657434710614
202601131558,887,True,431.1657434710614
202601141624,1046,True,431.1657434710614
202601151419,842,True,431.1657434710614
202601151516,956,True,431.1657434710614
202601160948,950,True,431.1657434710614
202601161555,1081,True,431.1657434710614
202601161607,639,True,431.1657434710614
202601201533,1087,True,431.1657434710614
202601221031,581,True,431.1657434710614
202601221622,766,True,431.1657434710614
202601231437,655,True,431.1657434710614
202601231616,830,True,431.1657434710614
202601231630,782,True,431.1657434710614
202601231631,631,True,431.1657434710614
202601271536,1306,True,431.1657434710614
202601291546,849,True,431.1657434710614
202601291609,658,True,431.1657434710614
202601311414,1090,True,431.1657434710614
202601311526,571,True,431.1657434710614
202602041413,1187,True,431.1657434710614
202603131141,1113,True,431.1657434710614
202603161028,849,True,431.1657434710614
202603301430,756,True,431.1657434710614
202604171122,1058,True,431.1657434710614
202604181434,1286,True,431.1657434710614
202604211006,1074,True,431.1657434710614
202604211430,951,True,431.1657434710614
202604231424,956,True,431.1657434710614
202604241058,1350,True,431.1657434710614
202604241424,1077,True,431.1657434710614
202604251424,970,True,431.1657434710614
202604291121,1190,True,431.1657434710614
202604291412,877,True,431.1657434710614
202604301109,798,True,431.1657434710614
202604301417,983,True,431.1657434710614
202605081618,512,True,431.1657434710614
202605091021,1040,True,431.1657434710614
202605091507,1102,True,431.1657434710614
202605091613,994,True,431.1657434710614
202605111426,1131,True,431.1657434710614
202605111540,528,True,431.1657434710614
202605111553,458,True,431.1657434710614
202605121423,854,True,431.1657434710614
202605121442,563,True,431.1657434710614
202605131007,524,True,431.1657434710614
202605131426,1047,True,431.1657434710614
202605131703,665,True,431.1657434710614
202605141023,772,True,431.1657434710614
202605141420,707,True,431.1657434710614
202605151433,738,True,431.1657434710614
202605161415,1348,True,431.1657434710614
202605161422,536,True,431.1657434710614
202605181455,1005,True,431.1657434710614
202605191433,861,True,431.1657434710614
202605191954,1176,True,431.1657434710614
202605201004,723,True,431.1657434710614
202605201452,1006,True,431.1657434710614
202605201637,977,True,431.1657434710614
202605211013,811,True,431.1657434710614
202605221039,1375,True,431.1657434710614
202605221450,548,True,431.1657434710614
202605221530,774,True,431.1657434710614
202605221536,763,True,431.1657434710614
202605221545,544,True,431.1657434710614
202605231554,429,False,431.1657434710614
202605231635,847,True,431.1657434710614
202605251447,1195,True,431.1657434710614
202605251607,984,True,431.1657434710614
202605260957,394,False,431.1657434710614
202605261045,778,True,431.1657434710614
202605261430,565,True,431.1657434710614
202605261606,607,True,431.1657434710614
202605261631,585,True,431.1657434710614
202605261634,820,True,431.1657434710614
202605261957,706,True,431.1657434710614
202605261958,552,True,431.1657434710614
202605271051,1239,True,431.1657434710614
202605271423,497,True,431.1657434710614
202605271445,941,True,431.1657434710614
202605271539,574,True,431.1657434710614
202605271553,1059,True,431.1657434710614
202605281034,583,True,431.1657434710614
202605281637,677,True,431.1657434710614
202605281645,948,True,431.1657434710614
202605281954,648,True,431.1657434710614
202605291006,937,True,431.1657434710614
202605291659,805,True,431.1657434710614
202606011955,677,True,431.1657434710614
202606011956,1210,True,431.1657434710614
202606041515,681,True,431.1657434710614
202606051733,600,True,431.1657434710614
202606061425,1080,True,431.1657434710614
202606061640,1082,True,431.1657434710614
202606081618,788,True,431.1657434710614
202606091031,421,False,431.1657434710614
202606091426,1047,True,431.1657434710614
202606101015,1254,True,431.1657434710614
202606101415,452,True,431.1657434710614
202606101632,1330,True,431.1657434710614
202606121419,1245,True,431.1657434710614
202606131455,1113,True,431.1657434710614
202606151502,977,True,431.1657434710614
202606151633,874,True,431.1657434710614
202606151954,929,True,431.1657434710614
202606161430,1012,True,431.1657434710614
202606161543,972,True,431.1657434710614
202606171429,1215,True,431.1657434710614
202606171620,928,True,431.1657434710614
202606181002,1273,True,431.1657434710614
202606221624,1032,True,431.1657434710614
202606231419,1098,True,431.1657434710614
202606241623,1281,True,431.1657434710614
202606251616,1345,True,431.1657434710614
202606260938,1229,True,431.1657434710614
202606271424,1148,True,431.1657434710614
202606291609,978,True,431.1657434710614
202606301005,949,True,431.1657434710614
202606301410,953,True,431.1657434710614
202606301635,1192,True,431.1657434710614
202607011009,969,True,431.1657434710614
202607011417,1026,True,431.1657434710614
202607011950,1302,True,431.1657434710614
202607021616,1287,True,431.1657434710614
202607031029,1352,True,431.1657434710614
202607031621,931,True,431.1657434710614
202607061414,1018,True,431.1657434710614
202607061949,1285,True,431.1657434710614
